{
  "serviceSheets": [
    {
      "serviceTypeCode": "RM",
      "workorderStatus": null,
      "serviceSheetStatusCode": "100",
      "statusDesc": "Pending",
      "programName": "RM 368",
      "serviceSheetComments": "368 Day Running Maintenance",
      "serviceSheetId": 14004792,
      "serviceProgramId": 539,
      "serviceWorkorderId": null,
      "serviceItemId": null,
      "scheduledDate": "2016-04-30",
      "scheduledOverrideFlag": null,
      "lastPerformedDate": "2015-04-28",
      "fmiId": null,
      "fmiFlag": "N",
      "scheduledMaintenanceFlag": "Y",
      "serviceSheetFlag": null,
      "clickFlag": null,
      "serviceFlag": null,
      "autoAttachFlag": null,
      "fmiMandatoryFlag": null,
      "customerName": "CSX Transportation",
      "scheduleAlert": null,
      "dueFlag": "N",
      "materialFlag": null
    },
    {
      "serviceTypeCode": "RM",
      "workorderStatus": null,
      "serviceSheetStatusCode": "100",
      "statusDesc": "Pending",
      "programName": "RM 184",
      "serviceSheetComments": "RM 184",
      "serviceSheetId": 13333529,
      "serviceProgramId": 17039,
      "serviceWorkorderId": null,
      "serviceItemId": null,
      "scheduledDate": "2015-11-03",
      "scheduledOverrideFlag": null,
      "lastPerformedDate": "2014-10-31",
      "fmiId": null,
      "fmiFlag": "N",
      "scheduledMaintenanceFlag": "Y",
      "serviceSheetFlag": null,
      "clickFlag": null,
      "serviceFlag": null,
      "autoAttachFlag": null,
      "fmiMandatoryFlag": null,
      "customerName": "CSX Transportation",
      "scheduleAlert": null,
      "dueFlag": "Y",
      "materialFlag": null
    },
    {
      "serviceTypeCode": "GR",
      "workorderStatus": null,
      "serviceSheetStatusCode": "100",
      "statusDesc": "Pending",
      "programName": "Non-RM Material Usage SS",
      "serviceSheetComments": "For Unscheduled, Non-RM shopping MATERIAL USAGE assignment",
      "serviceSheetId": 14047840,
      "serviceProgramId": 29271,
      "serviceWorkorderId": null,
      "serviceItemId": null,
      "scheduledDate": "2015-05-11",
      "scheduledOverrideFlag": null,
      "lastPerformedDate": "2015-05-10",
     "fmiId": null,
      "fmiFlag": "N",
      "scheduledMaintenanceFlag": "N",
      "serviceSheetFlag": null,
      "clickFlag": null,
      "serviceFlag": null,
      "autoAttachFlag": null,
      "fmiMandatoryFlag": null,
      "customerName": "CSX Transportation",
      "scheduleAlert": null,
      "dueFlag": "Y",
      "materialFlag": null
    },
    {
      "serviceTypeCode": "GR",
      "workorderStatus": null,
      "serviceSheetStatusCode": "100",
      "statusDesc": "Pending",
      "programName": "7FDL VALVE SETTING",
      "serviceSheetComments": "7FDL VALVE SETTING",
      "serviceSheetId": 14004787,
      "serviceProgramId": 38452,
      "serviceWorkorderId": null,
      "serviceItemId": null,
      "scheduledDate": "2018-05-06",
      "scheduledOverrideFlag": null,
      "lastPerformedDate": "2015-04-28",
      "fmiId": null,
      "fmiFlag": "N",
      "scheduledMaintenanceFlag": "N",
      "serviceSheetFlag": null,
      "clickFlag": null,
      "serviceFlag": null,
      "autoAttachFlag": null,
      "fmiMandatoryFlag": null,
      "customerName": "CSX Transportation",
      "scheduleAlert": null,
      "dueFlag": "N",
      "materialFlag": null
    },
    {
      "serviceTypeCode": "GR",
     "workorderStatus": null,
      "serviceSheetStatusCode": "100",
      "statusDesc": "Pending",
      "programName": "FUEL PIT",
      "serviceSheetComments": "FUEL PIT REPAIR",
      "serviceSheetId": 5070914,
      "serviceProgramId": 41465,
      "serviceWorkorderId": null,
      "serviceItemId": null,
      "scheduledDate": "2008-08-08",
      "scheduledOverrideFlag": null,
      "lastPerformedDate": null,
      "fmiId": null,
      "fmiFlag": "N",
      "scheduledMaintenanceFlag": "N",
      "serviceSheetFlag": null,
      "clickFlag": null,
      "serviceFlag": null,
      "autoAttachFlag": null,
      "fmiMandatoryFlag": null,
      "customerName": "CSX Transportation",
      "scheduleAlert": null,
      "dueFlag": "Y",
      "materialFlag": null
    },
    {
      "serviceTypeCode": "RM",
      "workorderStatus": null,
      "serviceSheetStatusCode": "100",
      "statusDesc": "Pending",
      "programName": "RM 736",
      "serviceSheetComments": "736 Days Running Maintenance",
      "serviceSheetId": 14004788,
      "serviceProgramId": 42084,
      "serviceWorkorderId": null,
      "serviceItemId": null,
      "scheduledDate": "2017-05-03",
      "scheduledOverrideFlag": null,
      "lastPerformedDate": "2015-04-28",
      "fmiId": null,
      "fmiFlag": "N",
      "scheduledMaintenanceFlag": "Y",
      "serviceSheetFlag": null,
      "clickFlag": null,
      "serviceFlag": null,
      "autoAttachFlag": null,
      "fmiMandatoryFlag": null,
      "customerName": "CSX Transportation",
      "scheduleAlert": null,
      "dueFlag": "N",
      "materialFlag": null
    },
    {
      "serviceTypeCode": "GR",
      "workorderStatus": null,
      "serviceSheetStatusCode": "100",
      "statusDesc": "Pending",
      "programName": "WINTERIZATION",
      "serviceSheetComments": "Winterization",
      "serviceSheetId": 13170978,
      "serviceProgramId": 43144,
      "serviceWorkorderId": null,
      "serviceItemId": null,
      "scheduledDate": "2016-10-09",
      "scheduledOverrideFlag": null,
      "lastPerformedDate": "2014-09-23",
      "fmiId": null,
      "fmiFlag": "N",
      "scheduledMaintenanceFlag": "N",
      "serviceSheetFlag": null,
      "clickFlag": null,
      "serviceFlag": null,
      "autoAttachFlag": null,
      "fmiMandatoryFlag": null,
      "customerName": "CSX Transportation",
      "scheduleAlert": null,
      "dueFlag": "N",
      "materialFlag": null
    },
    {
      "serviceTypeCode": "CO",
      "workorderStatus": null,
      "serviceSheetStatusCode": "100",
      "statusDesc": "Pending",
      "programName": "TURBOCHARGER TS and CO",
      "serviceSheetComments": "TURBOCHARGER TS and CO",
      "serviceSheetId": 5862667,
      "serviceProgramId": 44164,
      "serviceWorkorderId": null,
      "serviceItemId": 266756,
      "scheduledDate": "2029-01-29",
      "scheduledOverrideFlag": null,
      "lastPerformedDate": null,
      "fmiId": null,
      "fmiFlag": "N",
      "scheduledMaintenanceFlag": "N",
      "serviceSheetFlag": null,
      "clickFlag": null,
      "serviceFlag": null,
      "autoAttachFlag": null,
      "fmiMandatoryFlag": null,
      "customerName": "CSX Transportation",
      "scheduleAlert": null,
      "dueFlag": "N",
      "materialFlag": null
    },
    {
      "serviceTypeCode": "OH",
      "workorderStatus": null,
      "serviceSheetStatusCode": "100",
      "statusDesc": "Pending",
      "programName": "OVERHAUL - LOCO",
      "serviceSheetComments": "OVERHAUL - LOCOMOTIVE",
      "serviceSheetId": 9847927,
      "serviceProgramId": 44184,
      "serviceWorkorderId": null,
      "serviceItemId": null,
      "scheduledDate": "2018-07-14",
      "scheduledOverrideFlag": null,
      "lastPerformedDate": "2012-07-14",
      "fmiId": null,
      "fmiFlag": "N",
      "scheduledMaintenanceFlag": "N",
      "serviceSheetFlag": null,
      "clickFlag": null,
      "serviceFlag": null,
      "autoAttachFlag": null,
      "fmiMandatoryFlag": null,
      "customerName": "CSX Transportation",
      "scheduleAlert": null,
      "dueFlag": "N",
      "materialFlag": null
    },
    {
      "serviceTypeCode": "RM",
      "workorderStatus": null,
      "serviceSheetStatusCode": "100",
      "statusDesc": "Pending",
      "programName": "INTAKE PORT CLEANING",
      "serviceSheetComments": "INTAKE PORT CLEANING",
      "serviceSheetId": 7277871,
      "serviceProgramId": 44204,
      "serviceWorkorderId": null,
      "serviceItemId": 404343,
      "scheduledDate": null,
      "scheduledOverrideFlag": null,
      "lastPerformedDate": null,
      "fmiId": null,
      "fmiFlag": "N",
      "scheduledMaintenanceFlag": "Y",
      "serviceSheetFlag": null,
      "clickFlag": null,
      "serviceFlag": null,
      "autoAttachFlag": null,
      "fmiMandatoryFlag": null,
      "customerName": "CSX Transportation",
      "scheduleAlert": null,
      "dueFlag": "Y",
      "materialFlag": null
    },
    {
      "serviceTypeCode": "GR",
      "workorderStatus": null,
      "serviceSheetStatusCode": "100",
      "statusDesc": "Pending",
      "programName": "FINAL WATER SYSTEM LEAK CHECK",
      "serviceSheetComments": "FINAL WATER SYSTEM LEAK CHECK",
      "serviceSheetId": 14004796,
      "serviceProgramId": 44745,
      "serviceWorkorderId": null,
      "serviceItemId": 401505,
      "scheduledDate": "2015-04-29",
      "scheduledOverrideFlag": null,
      "lastPerformedDate": "2015-04-28",
      "fmiId": null,
      "fmiFlag": "N",
      "scheduledMaintenanceFlag": "N",
      "serviceSheetFlag": null,
      "clickFlag": null,
      "serviceFlag": null,
      "autoAttachFlag": null,
      "fmiMandatoryFlag": null,
      "customerName": "CSX Transportation",
      "scheduleAlert": null,
      "dueFlag": "Y",
      "materialFlag": null
    },
    {
      "serviceTypeCode": "GR",
      "workorderStatus": null,
      "serviceSheetStatusCode": "100",
      "statusDesc": "Pending",
      "programName": "TA/TD PROCESS VERIFY",
      "serviceSheetComments": "MANDATORY TA/TD PROCESS VERIFICATION",
      "serviceSheetId": 14047841,
      "serviceProgramId": 44764,
      "serviceWorkorderId": null,
      "serviceItemId": null,
      "scheduledDate": "2015-05-11",
      "scheduledOverrideFlag": null,
      "lastPerformedDate": "2015-05-10",
      "fmiId": null,
      "fmiFlag": "N",
      "scheduledMaintenanceFlag": "N",
      "serviceSheetFlag": null,
      "clickFlag": null,
      "serviceFlag": null,
      "autoAttachFlag": null,
      "fmiMandatoryFlag": null,
      "customerName": "CSX Transportation",
      "scheduleAlert": null,
      "dueFlag": "Y",
      "materialFlag": null
    },
    {
      "serviceTypeCode": "GR",
      "workorderStatus": null,
      "serviceSheetStatusCode": "100",
      "statusDesc": "Pending",
      "programName": "FINAL FUEL SYSTEM LEAK CHECK",
      "serviceSheetComments": "FINAL FUEL SYSTEM LEAK CHECK",
      "serviceSheetId": 14047842,
      "serviceProgramId": 44765,
      "serviceWorkorderId": null,
      "serviceItemId": null,
      "scheduledDate": "2015-05-11",
      "scheduledOverrideFlag": null,
      "lastPerformedDate": "2015-05-10",
      "fmiId": null,
      "fmiFlag": "N",
      "scheduledMaintenanceFlag": "N",
      "serviceSheetFlag": null,
      "clickFlag": null,
      "serviceFlag": null,
      "autoAttachFlag": null,
      "fmiMandatoryFlag": null,
      "customerName": "CSX Transportation",
      "scheduleAlert": null,
      "dueFlag": "Y",
      "materialFlag": null
    },
    {
      "serviceTypeCode": "RM",
      "workorderStatus": null,
      "serviceSheetStatusCode": "100",
      "statusDesc": "Pending",
      "programName": "RADIATOR FAN CO (GYA30)",
      "serviceSheetComments": "RAD FAN ASM - All positions are due for CO at this time.",
      "serviceSheetId": 8094501,
      "serviceProgramId": 45984,
      "serviceWorkorderId": null,
      "serviceItemId": 406799,
      "scheduledDate": "2011-05-29",
      "scheduledOverrideFlag": null,
      "lastPerformedDate": null,
      "fmiId": null,
      "fmiFlag": "N",
      "scheduledMaintenanceFlag": "Y",
      "serviceSheetFlag": null,
      "clickFlag": null,
      "serviceFlag": null,
      "autoAttachFlag": null,
      "fmiMandatoryFlag": null,
      "customerName": "CSX Transportation",
      "scheduleAlert": null,
      "dueFlag": "Y",
      "materialFlag": null
    },
    {
      "serviceTypeCode": "CO",
      "workorderStatus": null,
      "serviceSheetStatusCode": "100",
      "statusDesc": "Pending",
      "programName": "EMISSIONS ENGINE CO AUDIT",
      "serviceSheetComments": "EMISSIONS ENGINE CHANGE OUT AUDIT",
      "serviceSheetId": 1358383,
      "serviceProgramId": 46364,
      "serviceWorkorderId": null,
      "serviceItemId": 408837,
      "scheduledDate": "2013-09-18",
      "scheduledOverrideFlag": null,
      "lastPerformedDate": null,
      "fmiId": null,
      "fmiFlag": "N",
      "scheduledMaintenanceFlag": "N",
      "serviceSheetFlag": null,
      "clickFlag": null,
      "serviceFlag": null,
      "autoAttachFlag": null,
      "fmiMandatoryFlag": null,
      "customerName": "CSX Transportation",
      "scheduleAlert": null,
      "dueFlag": "Y",
      "materialFlag": null
    },
    {
      "serviceTypeCode": "RM",
     "workorderStatus": null,
      "serviceSheetStatusCode": "100",
      "statusDesc": "Pending",
      "programName": "ANNUAL COOLING SYSTEM CHECK",
      "serviceSheetComments": "Annual Emissions Engine Cooling System Check",
      "serviceSheetId": 14004791,
      "serviceProgramId": 46384,
      "serviceWorkorderId": null,
      "serviceItemId": null,
      "scheduledDate": "2016-04-30",
      "scheduledOverrideFlag": null,
      "lastPerformedDate": "2015-04-28",
      "fmiId": null,
      "fmiFlag": "N",
      "scheduledMaintenanceFlag": "Y",
      "serviceSheetFlag": null,
      "clickFlag": null,
      "serviceFlag": null,
      "autoAttachFlag": null,
      "fmiMandatoryFlag": null,
      "customerName": "CSX Transportation",
      "scheduleAlert": null,
      "dueFlag": "N",
      "materialFlag": null
    },
    {
      "serviceTypeCode": "SP",
      "workorderStatus": null,
      "serviceSheetStatusCode": "100",
      "statusDesc": "Pending",
      "programName": "FMI-26-19427",
      "serviceSheetComments": "Add voltage sensing hardware to grid package and modify control software with the intention of minimizing debris that exits the grid package during failure.",
      "serviceSheetId": 11656631,
      "serviceProgramId": 46984,
      "serviceWorkorderId": null,
      "serviceItemId": null,
      "scheduledDate": null,
      "scheduledOverrideFlag": null,
      "lastPerformedDate": null,
      "fmiId": 7171,
      "fmiFlag": "Y",
      "scheduledMaintenanceFlag": "Y",
      "serviceSheetFlag": null,
      "clickFlag": null,
      "serviceFlag": null,
      "autoAttachFlag": null,
      "fmiMandatoryFlag": null,
      "customerName": "CSX Transportation",
      "scheduleAlert": null,
      "dueFlag": "Y",
      "materialFlag": null
    },
    {
      "serviceTypeCode": "CO",
      "workorderStatus": null,
      "serviceSheetStatusCode": "100",
      "statusDesc": "Pending",
      "programName": "AIR COMPRESSOR TS and CO",
      "serviceSheetComments": "AIR COMPRESSOR TROUBLE SHOOTING AND CHANGE OUT",
      "serviceSheetId": 8380405,
      "serviceProgramId": 48131,
      "serviceWorkorderId": null,
      "serviceItemId": null,
      "scheduledDate": "2021-05-23",
      "scheduledOverrideFlag": null,
      "lastPerformedDate": "2011-05-23",
      "fmiId": null,
      "fmiFlag": "N",
      "scheduledMaintenanceFlag": "N",
      "serviceSheetFlag": null,
      "clickFlag": null,
      "serviceFlag": null,
      "autoAttachFlag": null,
      "fmiMandatoryFlag": null,
      "customerName": "CSX Transportation",
      "scheduleAlert": null,
      "dueFlag": "N",
      "materialFlag": null
    },
    {
      "serviceTypeCode": "RM",
      "workorderStatus": null,
      "serviceSheetStatusCode": "100",
      "statusDesc": "Pending",
      "programName": "3128 AIR",
      "serviceSheetComments": "3128 AIR",
      "serviceSheetId": 4446596,
      "serviceProgramId": 49486,
      "serviceWorkorderId": null,
      "serviceItemId": null,
      "scheduledDate": "2016-08-20",
      "scheduledOverrideFlag": null,
      "lastPerformedDate": "2008-01-26",
      "fmiId": null,
      "fmiFlag": "N",
      "scheduledMaintenanceFlag": "Y",
      "serviceSheetFlag": null,
      "clickFlag": null,
      "serviceFlag": null,
      "autoAttachFlag": null,
      "fmiMandatoryFlag": null,
      "customerName": "CSX Transportation",
      "scheduleAlert": null,
      "dueFlag": "N",
      "materialFlag": null
    },
    {
      "serviceTypeCode": "RM",
      "workorderStatus": null,
      "serviceSheetStatusCode": "100",
      "statusDesc": "Pending",
      "programName": "2208 AIR",
      "serviceSheetComments": "2208 AIR",
      "serviceSheetId": 12614312,
      "serviceProgramId": 49488,
      "serviceWorkorderId": null,
      "serviceItemId": null,
      "scheduledDate": "2020-05-14",
      "scheduledOverrideFlag": null,
      "lastPerformedDate": "2014-04-28",
      "fmiId": null,
      "fmiFlag": "N",
      "scheduledMaintenanceFlag": "Y",
      "serviceSheetFlag": null,
      "clickFlag": null,
      "serviceFlag": null,
      "autoAttachFlag": null,
      "fmiMandatoryFlag": null,
      "customerName": "CSX Transportation",
      "scheduleAlert": null,
      "dueFlag": "N",
      "materialFlag": null
    },
    {
      "serviceTypeCode": "CO",
      "workorderStatus": null,
      "serviceSheetStatusCode": "100",
      "statusDesc": "Pending",
      "programName": "Water Based Intercooler Change",
      "serviceSheetComments": "INTRCLR-WATER - No positions are due for CO at this time.",
      "serviceSheetId": 6471629,
      "serviceProgramId": 50368,
      "serviceWorkorderId": null,
      "serviceItemId": 286049,
      "scheduledDate": "2030-04-12",
      "scheduledOverrideFlag": null,
      "lastPerformedDate": null,
      "fmiId": null,
      "fmiFlag": "N",
      "scheduledMaintenanceFlag": "N",
      "serviceSheetFlag": null,
      "clickFlag": null,
      "serviceFlag": null,
      "autoAttachFlag": null,
      "fmiMandatoryFlag": null,
      "customerName": "CSX Transportation",
      "scheduleAlert": null,
      "dueFlag": "N",
      "materialFlag": null
    },
    {
      "serviceTypeCode": "CO",
      "workorderStatus": null,
      "serviceSheetStatusCode": "100",
      "statusDesc": "Pending",
      "programName": "ALTERNATOR TS AND CO",
      "serviceSheetComments": "Alternator Trouble Shooting and Change Out",
      "serviceSheetId": 6706607,
      "serviceProgramId": 50371,
      "serviceWorkorderId": null,
      "serviceItemId": 281376,
      "scheduledDate": "2022-01-13",
      "scheduledOverrideFlag": null,
      "lastPerformedDate": null,
      "fmiId": null,
      "fmiFlag": "N",
      "scheduledMaintenanceFlag": "N",
      "serviceSheetFlag": null,
      "clickFlag": null,
      "serviceFlag": null,
      "autoAttachFlag": null,
      "fmiMandatoryFlag": null,
      "customerName": "CSX Transportation",
      "scheduleAlert": null,
      "dueFlag": "N",
      "materialFlag": null
    },
    {
      "serviceTypeCode": "CO",
      "workorderStatus": null,
      "serviceSheetStatusCode": "100",
      "statusDesc": "Pending",
      "programName": "Equipment Blower Change Out",
      "serviceSheetComments": "Equipment Blower Change Out",
      "serviceSheetId": 11890783,
      "serviceProgramId": 50372,
      "serviceWorkorderId": null,
      "serviceItemId": 286065,
      "scheduledDate": "2025-11-13",
      "scheduledOverrideFlag": null,
      "lastPerformedDate": null,
      "fmiId": null,
      "fmiFlag": "N",
      "scheduledMaintenanceFlag": "N",
      "serviceSheetFlag": null,
      "clickFlag": null,
      "serviceFlag": null,
      "autoAttachFlag": null,
      "fmiMandatoryFlag": null,
      "customerName": "CSX Transportation",
      "scheduleAlert": null,
      "dueFlag": "N",
      "materialFlag": null
    },
    {
      "serviceTypeCode": "CO",
      "workorderStatus": null,
      "serviceSheetStatusCode": "100",
      "statusDesc": "Pending",
      "programName": "Grid Blower Change Out",
      "serviceSheetComments": "Grid Blower Change Out",
      "serviceSheetId": 12027755,
      "serviceProgramId": 50373,
      "serviceWorkorderId": null,
      "serviceItemId": 286063,
      "scheduledDate": "2020-12-18",
      "scheduledOverrideFlag": null,
      "lastPerformedDate": null,
      "fmiId": null,
      "fmiFlag": "N",
      "scheduledMaintenanceFlag": "N",
      "serviceSheetFlag": null,
      "clickFlag": null,
      "serviceFlag": null,
      "autoAttachFlag": null,
      "fmiMandatoryFlag": null,
      "customerName": "CSX Transportation",
      "scheduleAlert": null,
      "dueFlag": "N",
      "materialFlag": null
    },
    {
      "serviceTypeCode": "CO",
      "workorderStatus": null,
      "serviceSheetStatusCode": "100",
      "statusDesc": "Pending",
      "programName": "Radiator Change Out",
      "serviceSheetComments": "Radiator Change Out",
      "serviceSheetId": 5555394,
      "serviceProgramId": 50375,
      "serviceWorkorderId": null,
      "serviceItemId": 286053,
      "scheduledDate": "2019-01-20",
      "scheduledOverrideFlag": null,
      "lastPerformedDate": null,
      "fmiId": null,
      "fmiFlag": "N",
      "scheduledMaintenanceFlag": "N",
      "serviceSheetFlag": null,
      "clickFlag": null,
      "serviceFlag": null,
      "autoAttachFlag": null,
      "fmiMandatoryFlag": null,
      "customerName": "CSX Transportation",
      "scheduleAlert": null,
      "dueFlag": "N",
      "materialFlag": null
    },
    {
      "serviceTypeCode": "CO",
      "workorderStatus": null,
      "serviceSheetStatusCode": "100",
      "statusDesc": "Pending",
      "programName": "Engine Change Out",
      "serviceSheetComments": "Engine Change Out",
      "serviceSheetId": 12766869,
      "serviceProgramId": 50376,
      "serviceWorkorderId": null,
      "serviceItemId": 415351,
      "scheduledDate": "2014-06-05",
      "scheduledOverrideFlag": null,
      "lastPerformedDate": null,
      "fmiId": null,
      "fmiFlag": "N",
      "scheduledMaintenanceFlag": "N",
     "serviceSheetFlag": null,
      "clickFlag": null,
      "serviceFlag": null,
      "autoAttachFlag": null,
      "fmiMandatoryFlag": null,
      "customerName": "CSX Transportation",
      "scheduleAlert": null,
      "dueFlag": "Y",
      "materialFlag": null
    },
    {
      "serviceTypeCode": "GR",
      "workorderStatus": null,
      "serviceSheetStatusCode": "100",
      "statusDesc": "Pending",
      "programName": "AIR CONDITION / HEATING UNIT TS and CO",
      "serviceSheetComments": "Air Condition / Heating Unit TS and CO",
      "serviceSheetId": 10008007,
      "serviceProgramId": 50649,
      "serviceWorkorderId": null,
      "serviceItemId": null,
      "scheduledDate": "2012-09-06",
      "scheduledOverrideFlag": null,
      "lastPerformedDate": "2012-09-05",
      "fmiId": null,
      "fmiFlag": "N",
      "scheduledMaintenanceFlag": "N",
      "serviceSheetFlag": null,
      "clickFlag": null,
      "serviceFlag": null,
      "autoAttachFlag": null,
      "fmiMandatoryFlag": null,
      "customerName": "CSX Transportation",
      "scheduleAlert": null,
      "dueFlag": "Y",
      "materialFlag": null
    },
    {
      "serviceTypeCode": "GR",
      "workorderStatus": null,
      "serviceSheetStatusCode": "100",
      "statusDesc": "Pending",
      "programName": "DWS AND BATTERY TROUBLE SHOOTING",
      "serviceSheetComments": "DWS AND BATTERY TROUBLE SHOOTING",
      "serviceSheetId": 10222524,
      "serviceProgramId": 50650,
      "serviceWorkorderId": null,
      "serviceItemId": null,
      "scheduledDate": "2012-10-26",
      "scheduledOverrideFlag": null,
      "lastPerformedDate": "2012-10-25",
      "fmiId": null,
      "fmiFlag": "N",
      "scheduledMaintenanceFlag": "N",
      "serviceSheetFlag": null,
      "clickFlag": null,
      "serviceFlag": null,
      "autoAttachFlag": null,
      "fmiMandatoryFlag": null,
      "customerName": "CSX Transportation",
      "scheduleAlert": null,
      "dueFlag": "Y",
      "materialFlag": null
    },
    {
      "serviceTypeCode": "GR",
      "workorderStatus": null,
      "serviceSheetStatusCode": "100",
      "statusDesc": "Pending",
      "programName": "CCOP Trouble Shooting",
      "serviceSheetComments": "CCOP Trouble Shooting",
      "serviceSheetId": 2550862,
      "serviceProgramId": 50748,
      "serviceWorkorderId": null,
      "serviceItemId": 285369,
      "scheduledDate": "2005-11-30",
      "scheduledOverrideFlag": null,
      "lastPerformedDate": "2005-11-29",
      "fmiId": null,
      "fmiFlag": "N",
      "scheduledMaintenanceFlag": "N",
      "serviceSheetFlag": null,
      "clickFlag": null,
      "serviceFlag": null,
      "autoAttachFlag": null,
      "fmiMandatoryFlag": null,
      "customerName": "CSX Transportation",
      "scheduleAlert": null,
      "dueFlag": "Y",
      "materialFlag": null
    },
    {
      "serviceTypeCode": "GR",
      "workorderStatus": null,
      "serviceSheetStatusCode": "100",
      "statusDesc": "Pending",
      "programName": "SUMMERIZATION",
      "serviceSheetComments": "Summerizaton",
      "serviceSheetId": 12614313,
      "serviceProgramId": 51731,
      "serviceWorkorderId": null,
      "serviceItemId": null,
      "scheduledDate": "2016-05-23",
      "scheduledOverrideFlag": null,
      "lastPerformedDate": "2014-04-28",
      "fmiId": null,
      "fmiFlag": "N",
      "scheduledMaintenanceFlag": "N",
      "serviceSheetFlag": null,
      "clickFlag": null,
      "serviceFlag": null,
      "autoAttachFlag": null,
      "fmiMandatoryFlag": null,
      "customerName": "CSX Transportation",
      "scheduleAlert": null,
      "dueFlag": "N",
      "materialFlag": null
    },
    {
      "serviceTypeCode": "CO",
      "workorderStatus": null,
      "serviceSheetStatusCode": "100",
      "statusDesc": "Pending",
      "programName": "LUBE OIL PUMP CHANGE OUT",
      "serviceSheetComments": "LUBE OIL PUMP CHANGE OUT",
      "serviceSheetId": 7115385,
      "serviceProgramId": 53027,
      "serviceWorkorderId": null,
      "serviceItemId": 472138,
      "scheduledDate": "2026-09-07",
      "scheduledOverrideFlag": null,
      "lastPerformedDate": null,
      "fmiId": null,
      "fmiFlag": "N",
      "scheduledMaintenanceFlag": "N",
      "serviceSheetFlag": null,
      "clickFlag": null,
      "serviceFlag": null,
      "autoAttachFlag": null,
      "fmiMandatoryFlag": null,
      "customerName": "CSX Transportation",
      "scheduleAlert": null,
      "dueFlag": "N",
      "materialFlag": null
    },
    {
      "serviceTypeCode": "CO",
      "workorderStatus": null,
      "serviceSheetStatusCode": "100",
      "statusDesc": "Pending",
      "programName": "WATER PUMP CHANGE OUT",
      "serviceSheetComments": "WATER PUMP CHANGE OUT",
      "serviceSheetId": 6600729,
      "serviceProgramId": 53030,
      "serviceWorkorderId": null,
      "serviceItemId": 286051,
      "scheduledDate": "2026-09-07",
      "scheduledOverrideFlag": null,
      "lastPerformedDate": null,
      "fmiId": null,
      "fmiFlag": "N",
      "scheduledMaintenanceFlag": "N",
      "serviceSheetFlag": null,
      "clickFlag": null,
      "serviceFlag": null,
      "autoAttachFlag": null,
      "fmiMandatoryFlag": null,
      "customerName": "CSX Transportation",
      "scheduleAlert": null,
      "dueFlag": "N",
      "materialFlag": null
    },
    {
      "serviceTypeCode": "GR",
      "workorderStatus": null,
      "serviceSheetStatusCode": "100",
      "statusDesc": "Pending",
      "programName": "Additional Wheel Sheet",
      "serviceSheetComments": "Additional Wheel Sheet",
      "serviceSheetId": 11485981,
      "serviceProgramId": 53267,
      "serviceWorkorderId": null,
      "serviceItemId": 275066,
      "scheduledDate": "2013-07-26",
      "scheduledOverrideFlag": null,
      "lastPerformedDate": null,
      "fmiId": null,
      "fmiFlag": "N",
      "scheduledMaintenanceFlag": "N",
      "serviceSheetFlag": null,
      "clickFlag": null,
      "serviceFlag": null,
      "autoAttachFlag": null,
      "fmiMandatoryFlag": null,
      "customerName": "CSX Transportation",
      "scheduleAlert": null,
      "dueFlag": "Y",
      "materialFlag": null
    },
    {
      "serviceTypeCode": "GR",
     "workorderStatus": null,
      "serviceSheetStatusCode": "100",
      "statusDesc": "Pending",
      "programName": "ENGINE OUTBOUND TEST",
      "serviceSheetComments": "ENGINE OUTBOUND TEST",
      "serviceSheetId": 8192345,
      "serviceProgramId": 53327,
      "serviceWorkorderId": null,
      "serviceItemId": 476428,
      "scheduledDate": "2011-04-11",
      "scheduledOverrideFlag": null,
      "lastPerformedDate": null,
      "fmiId": null,
      "fmiFlag": "N",
      "scheduledMaintenanceFlag": "N",
      "serviceSheetFlag": null,
      "clickFlag": null,
      "serviceFlag": null,
      "autoAttachFlag": null,
      "fmiMandatoryFlag": null,
      "customerName": "CSX Transportation",
      "scheduleAlert": null,
      "dueFlag": "Y",
      "materialFlag": null
    },
    {
      "serviceTypeCode": "CO",
      "workorderStatus": null,
      "serviceSheetStatusCode": "100",
      "statusDesc": "Pending",
      "programName": "Oil Cooler C/O (28000 MMWHrs)",
      "serviceSheetComments": "OIL COOLER - All positions are due for CO at this time.",
      "serviceSheetId": 2536618,
      "serviceProgramId": 53427,
      "serviceWorkorderId": null,
      "serviceItemId": null,
      "scheduledDate": "2014-12-02",
      "scheduledOverrideFlag": null,
      "lastPerformedDate": null,
      "fmiId": null,
      "fmiFlag": "N",
      "scheduledMaintenanceFlag": "N",
      "serviceSheetFlag": null,
      "clickFlag": null,
      "serviceFlag": null,
      "autoAttachFlag": null,
      "fmiMandatoryFlag": null,
      "customerName": "CSX Transportation",
      "scheduleAlert": null,
      "dueFlag": "Y",
      "materialFlag": null
    },
    {
      "serviceTypeCode": "SP",
      "workorderStatus": null,
      "serviceSheetStatusCode": "100",
      "statusDesc": "Pending",
      "programName": "FMI-26-25388",
      "serviceSheetComments": "Kendrick CTS DB Mod",
      "serviceSheetId": 10431661,
      "serviceProgramId": 55328,
      "serviceWorkorderId": null,
      "serviceItemId": null,
      "scheduledDate": null,
      "scheduledOverrideFlag": null,
      "lastPerformedDate": null,
      "fmiId": 14997,
      "fmiFlag": "Y",
      "scheduledMaintenanceFlag": "Y",
      "serviceSheetFlag": null,
      "clickFlag": null,
      "serviceFlag": null,
      "autoAttachFlag": null,
      "fmiMandatoryFlag": null,
      "customerName": "CSX Transportation",
      "scheduleAlert": null,
      "dueFlag": "Y",
      "materialFlag": null
    },
    {
      "serviceTypeCode": "CO",
      "workorderStatus": null,
      "serviceSheetStatusCode": "100",
      "statusDesc": "Pending",
      "programName": "TURBO INLET ASSEMBLY CO",
      "serviceSheetComments": "TURBO INLET ASSEMBLY CO",
      "serviceSheetId": 7654602,
      "serviceProgramId": 55603,
      "serviceWorkorderId": null,
      "serviceItemId": 488522,
      "scheduledDate": "2010-10-27",
      "scheduledOverrideFlag": null,
      "lastPerformedDate": null,
      "fmiId": null,
      "fmiFlag": "N",
      "scheduledMaintenanceFlag": "N",
      "serviceSheetFlag": null,
      "clickFlag": null,
      "serviceFlag": null,
      "autoAttachFlag": null,
      "fmiMandatoryFlag": null,
      "customerName": "CSX Transportation",
      "scheduleAlert": null,
      "dueFlag": "Y",
      "materialFlag": null
    },
    {
      "serviceTypeCode": "RM",
      "workorderStatus": null,
      "serviceSheetStatusCode": "100",
      "statusDesc": "Pending",
      "programName": "BATTERY MAINTENANCE",
      "serviceSheetComments": "BATTERY MAINTENANCE",
      "serviceSheetId": 14047844,
      "serviceProgramId": 55740,
      "serviceWorkorderId": null,
      "serviceItemId": null,
      "scheduledDate": "2015-05-19",
      "scheduledOverrideFlag": null,
      "lastPerformedDate": "2015-05-10",
      "fmiId": null,
      "fmiFlag": "N",
      "scheduledMaintenanceFlag": "Y",
      "serviceSheetFlag": null,
      "clickFlag": null,
      "serviceFlag": null,
      "autoAttachFlag": null,
      "fmiMandatoryFlag": null,
      "customerName": "CSX Transportation",
      "scheduleAlert": null,
      "dueFlag": "Y",
      "materialFlag": null
    },
    {
      "serviceTypeCode": "RM",
      "workorderStatus": null,
      "serviceSheetStatusCode": "100",
      "statusDesc": "Pending",
      "programName": "COOLING SYSTEM GURU PLUG CO (24-Months)",
      "serviceSheetComments": "AUTO WTR D VLV - No positions are due for CO at this time.",
      "serviceSheetId": 10027134,
      "serviceProgramId": 55764,
      "serviceWorkorderId": null,
      "serviceItemId": 494893,
      "scheduledDate": "2016-05-21",
      "scheduledOverrideFlag": null,
      "lastPerformedDate": null,
      "fmiId": null,
      "fmiFlag": "N",
      "scheduledMaintenanceFlag": "Y",
      "serviceSheetFlag": null,
      "clickFlag": null,
      "serviceFlag": null,
      "autoAttachFlag": null,
      "fmiMandatoryFlag": null,
      "customerName": "CSX Transportation",
      "scheduleAlert": null,
      "dueFlag": "N",
      "materialFlag": null
    },
    {
      "serviceTypeCode": "GR",
      "workorderStatus": null,
      "serviceSheetStatusCode": "100",
      "statusDesc": "Pending",
      "programName": "POST DROP PIT AUDIT",
      "serviceSheetComments": "POST DROP PIT AUDIT",
      "serviceSheetId": 14004790,
      "serviceProgramId": 56789,
      "serviceWorkorderId": null,
      "serviceItemId": null,
      "scheduledDate": "2015-04-29",
      "scheduledOverrideFlag": null,
      "lastPerformedDate": "2015-04-28",
      "fmiId": null,
      "fmiFlag": "N",
      "scheduledMaintenanceFlag": "N",
      "serviceSheetFlag": null,
      "clickFlag": null,
      "serviceFlag": null,
      "autoAttachFlag": null,
      "fmiMandatoryFlag": null,
      "customerName": "CSX Transportation",
      "scheduleAlert": null,
      "dueFlag": "Y",
      "materialFlag": null
    },
    {
      "serviceTypeCode": "GR",
      "workorderStatus": null,
      "serviceSheetStatusCode": "100",
      "statusDesc": "Pending",
      "programName": "Air Brake System Troubleshooting",
      "serviceSheetComments": "Air Brake System Troubleshooting",
      "serviceSheetId": 12722559,
      "serviceProgramId": 56790,
      "serviceWorkorderId": null,
      "serviceItemId": 517084,
     "scheduledDate": "2014-05-24",
      "scheduledOverrideFlag": null,
      "lastPerformedDate": null,
      "fmiId": null,
      "fmiFlag": "N",
      "scheduledMaintenanceFlag": "N",
      "serviceSheetFlag": null,
      "clickFlag": null,
      "serviceFlag": null,
      "autoAttachFlag": null,
      "fmiMandatoryFlag": null,
      "customerName": "CSX Transportation",
      "scheduleAlert": null,
      "dueFlag": "Y",
      "materialFlag": null
    },
    {
      "serviceTypeCode": "CO",
      "workorderStatus": null,
      "serviceSheetStatusCode": "100",
      "statusDesc": "Pending",
      "programName": "ALTERNATOR BLOWER CO",
      "serviceSheetComments": "ALTERNATOR BLOWER CO",
      "serviceSheetId": 11892969,
      "serviceProgramId": 56791,
      "serviceWorkorderId": null,
      "serviceItemId": 286061,
      "scheduledDate": "2013-11-14",
      "scheduledOverrideFlag": null,
      "lastPerformedDate": null,
      "fmiId": null,
      "fmiFlag": "N",
      "scheduledMaintenanceFlag": "N",
     "serviceSheetFlag": null,
      "clickFlag": null,
      "serviceFlag": null,
      "autoAttachFlag": null,
      "fmiMandatoryFlag": null,
      "customerName": "CSX Transportation",
      "scheduleAlert": null,
      "dueFlag": "Y",
      "materialFlag": null
    },
    {
      "serviceTypeCode": "CO",
      "workorderStatus": null,
      "serviceSheetStatusCode": "100",
      "statusDesc": "Pending",
      "programName": "ENGINE INTERNAL GEAR CO",
      "serviceSheetComments": "Engine Internal Gear Change Out (Cam, Idler, Split Gear, etc.)",
      "serviceSheetId": 7523113,
      "serviceProgramId": 56793,
      "serviceWorkorderId": null,
      "serviceItemId": 462588,
      "scheduledDate": "2010-09-15",
      "scheduledOverrideFlag": null,
      "lastPerformedDate": null,
      "fmiId": null,
      "fmiFlag": "N",
      "scheduledMaintenanceFlag": "N",
      "serviceSheetFlag": null,
      "clickFlag": null,
      "serviceFlag": null,
      "autoAttachFlag": null,
      "fmiMandatoryFlag": null,
      "customerName": "CSX Transportation",
      "scheduleAlert": null,
      "dueFlag": "Y",
      "materialFlag": null
    },
    {
      "serviceTypeCode": "CO",
      "workorderStatus": null,
      "serviceSheetStatusCode": "100",
      "statusDesc": "Pending",
      "programName": "EXHAUSTER BLOWER CO",
      "serviceSheetComments": "EXHAUSTER BLOWER CO",
      "serviceSheetId": 11895015,
      "serviceProgramId": 56795,
      "serviceWorkorderId": null,
      "serviceItemId": 460900,
      "scheduledDate": "2013-11-14",
      "scheduledOverrideFlag": null,
      "lastPerformedDate": null,
      "fmiId": null,
      "fmiFlag": "N",
      "scheduledMaintenanceFlag": "N",
      "serviceSheetFlag": null,
      "clickFlag": null,
      "serviceFlag": null,
      "autoAttachFlag": null,
      "fmiMandatoryFlag": null,
      "customerName": "CSX Transportation",
      "scheduleAlert": null,
      "dueFlag": "Y",
      "materialFlag": null
    },
    {
      "serviceTypeCode": "CO",
      "workorderStatus": null,
      "serviceSheetStatusCode": "100",
      "statusDesc": "Pending",
      "programName": "ELECTRICAL PANEL CO",
      "serviceSheetComments": "ELECTRICAL PANEL CO",
      "serviceSheetId": 7123904,
      "serviceProgramId": 56801,
      "serviceWorkorderId": null,
      "serviceItemId": 517215,
      "scheduledDate": "2010-05-12",
      "scheduledOverrideFlag": null,
      "lastPerformedDate": null,
      "fmiId": null,
      "fmiFlag": "N",
      "scheduledMaintenanceFlag": "N",
      "serviceSheetFlag": null,
      "clickFlag": null,
      "serviceFlag": null,
      "autoAttachFlag": null,
      "fmiMandatoryFlag": null,
      "customerName": "CSX Transportation",
      "scheduleAlert": null,
      "dueFlag": "Y",
      "materialFlag": null
    },
    {
      "serviceTypeCode": "RM",
      "workorderStatus": null,
      "serviceSheetStatusCode": "100",
      "statusDesc": "Pending",
      "programName": "NOZZLE CO 10K MMWHRS/1104 DAYS",
      "serviceSheetComments": "INJECTOR - No positions are due for CO at this time.",
      "serviceSheetId": 14004786,
      "serviceProgramId": 57238,
      "serviceWorkorderId": null,
      "serviceItemId": null,
      "scheduledDate": "2020-04-11",
      "scheduledOverrideFlag": null,
      "lastPerformedDate": "2015-04-28",
      "fmiId": null,
      "fmiFlag": "N",
      "scheduledMaintenanceFlag": "Y",
      "serviceSheetFlag": null,
      "clickFlag": null,
      "serviceFlag": null,
      "autoAttachFlag": null,
      "fmiMandatoryFlag": null,
      "customerName": "CSX Transportation",
      "scheduleAlert": null,
      "dueFlag": "N",
      "materialFlag": null
    },
    {
      "serviceTypeCode": "CO",
      "workorderStatus": null,
      "serviceSheetStatusCode": "100",
      "statusDesc": "Pending",
      "programName": "AC TM GEAR CASE LUBE 24M CO",
      "serviceSheetComments": "AC TM GEAR CASE LUBE 24M CO",
      "serviceSheetId": 14004789,
      "serviceProgramId": 59012,
      "serviceWorkorderId": null,
      "serviceItemId": null,
      "scheduledDate": "2017-05-03",
      "scheduledOverrideFlag": null,
      "lastPerformedDate": "2015-04-28",
      "fmiId": null,
      "fmiFlag": "N",
      "scheduledMaintenanceFlag": "N",
      "serviceSheetFlag": null,
      "clickFlag": null,
      "serviceFlag": null,
      "autoAttachFlag": null,
      "fmiMandatoryFlag": null,
      "customerName": "CSX Transportation",
      "scheduleAlert": null,
      "dueFlag": "N",
      "materialFlag": null
    },
    {
      "serviceTypeCode": "GR",
      "workorderStatus": null,
      "serviceSheetStatusCode": "100",
      "statusDesc": "Pending",
      "programName": "LOCOMOTIVE INTO STORAGE",
      "serviceSheetComments": "LOCOMOTIVE INTO STORAGE",
      "serviceSheetId": 6046842,
      "serviceProgramId": 60228,
      "serviceWorkorderId": null,
      "serviceItemId": 557286,
      "scheduledDate": "2009-06-23",
      "scheduledOverrideFlag": null,
      "lastPerformedDate": null,
      "fmiId": null,
      "fmiFlag": "N",
      "scheduledMaintenanceFlag": "N",
      "serviceSheetFlag": null,
      "clickFlag": null,
      "serviceFlag": null,
      "autoAttachFlag": null,
      "fmiMandatoryFlag": null,
      "customerName": "CSX Transportation",
      "scheduleAlert": null,
      "dueFlag": "Y",
      "materialFlag": null
    },
    {
      "serviceTypeCode": "GR",
      "workorderStatus": null,
      "serviceSheetStatusCode": "100",
      "statusDesc": "Pending",
      "programName": "LOCOMOTIVE OUT OF STORAGE",
      "serviceSheetComments": "LOCOMOTIVE OUT OF STORAGE",
      "serviceSheetId": 6643394,
      "serviceProgramId": 60229,
      "serviceWorkorderId": null,
      "serviceItemId": 557287,
      "scheduledDate": "2009-12-22",
      "scheduledOverrideFlag": null,
      "lastPerformedDate": null,
      "fmiId": null,
      "fmiFlag": "N",
      "scheduledMaintenanceFlag": "N",
      "serviceSheetFlag": null,
      "clickFlag": null,
      "serviceFlag": null,
      "autoAttachFlag": null,
      "fmiMandatoryFlag": null,
      "customerName": "CSX Transportation",
      "scheduleAlert": null,
      "dueFlag": "Y",
      "materialFlag": null
    },
    {
      "serviceTypeCode": "CO",
      "workorderStatus": null,
      "serviceSheetStatusCode": "100",
      "statusDesc": "Pending",
      "programName": "ENGINE OIL REUSE",
      "serviceSheetComments": "ENGINE OIL REUSE",
      "serviceSheetId": 6563688,
      "serviceProgramId": 61454,
      "serviceWorkorderId": null,
      "serviceItemId": 565815,
      "scheduledDate": "2009-11-24",
      "scheduledOverrideFlag": null,
      "lastPerformedDate": null,
      "fmiId": null,
      "fmiFlag": "N",
      "scheduledMaintenanceFlag": "N",
      "serviceSheetFlag": null,
      "clickFlag": null,
      "serviceFlag": null,
      "autoAttachFlag": null,
      "fmiMandatoryFlag": null,
      "customerName": "CSX Transportation",
      "scheduleAlert": null,
      "dueFlag": "Y",
      "materialFlag": null
    },
    {
      "serviceTypeCode": "RM",
      "workorderStatus": null,
      "serviceSheetStatusCode": "100",
      "statusDesc": "Pending",
      "programName": "AIR COMPRESSOR BREATHER CO",
      "serviceSheetComments": "BREATHER - No positions are due for CO at this time.",
      "serviceSheetId": 12614314,
      "serviceProgramId": 62179,
      "serviceWorkorderId": null,
      "serviceItemId": null,
      "scheduledDate": "2017-06-10",
      "scheduledOverrideFlag": null,
      "lastPerformedDate": "2014-04-28",
      "fmiId": null,
      "fmiFlag": "N",
      "scheduledMaintenanceFlag": "Y",
      "serviceSheetFlag": null,
      "clickFlag": null,
      "serviceFlag": null,
      "autoAttachFlag": null,
      "fmiMandatoryFlag": null,
      "customerName": "CSX Transportation",
      "scheduleAlert": null,
      "dueFlag": "N",
      "materialFlag": null
    },
    {
      "serviceTypeCode": "CO",
      "workorderStatus": null,
      "serviceSheetStatusCode": "100",
      "statusDesc": "Pending",
      "programName": "OPERATOR CAB SEAT CO",
      "serviceSheetComments": "OPERATOR CAB SEAT CO",
      "serviceSheetId": 7131233,
      "serviceProgramId": 62230,
      "serviceWorkorderId": null,
      "serviceItemId": 517216,
      "scheduledDate": "2010-05-12",
      "scheduledOverrideFlag": null,
      "lastPerformedDate": null,
      "fmiId": null,
      "fmiFlag": "N",
      "scheduledMaintenanceFlag": "N",
      "serviceSheetFlag": null,
      "clickFlag": null,
      "serviceFlag": null,
      "autoAttachFlag": null,
      "fmiMandatoryFlag": null,
      "customerName": "CSX Transportation",
      "scheduleAlert": null,
      "dueFlag": "Y",
      "materialFlag": null
    },
    {
      "serviceTypeCode": "SP",
      "workorderStatus": null,
      "serviceSheetStatusCode": "100",
      "statusDesc": "Pending",
      "programName": "Local SP-33-20100505",
      "serviceSheetComments": "CSX Special Truck Inspection for Lateral Motion Report Rev A",
      "serviceSheetId": 7091934,
      "serviceProgramId": 62237,
      "serviceWorkorderId": null,
      "serviceItemId": null,
      "scheduledDate": null,
      "scheduledOverrideFlag": null,
      "lastPerformedDate": null,
      "fmiId": 26026,
      "fmiFlag": "Y",
      "scheduledMaintenanceFlag": "Y",
      "serviceSheetFlag": null,
      "clickFlag": null,
      "serviceFlag": null,
      "autoAttachFlag": null,
      "fmiMandatoryFlag": null,
      "customerName": "CSX Transportation",
      "scheduleAlert": null,
      "dueFlag": "Y",
      "materialFlag": null
    },
    {
      "serviceTypeCode": "CO",
      "workorderStatus": null,
      "serviceSheetStatusCode": "100",
      "statusDesc": "Pending",
      "programName": "BONDED DRIVE CO",
      "serviceSheetComments": "BONDED DRIVE CO",
      "serviceSheetId": 7094581,
      "serviceProgramId": 62238,
      "serviceWorkorderId": null,
      "serviceItemId": 560482,
      "scheduledDate": "2010-05-06",
      "scheduledOverrideFlag": null,
      "lastPerformedDate": null,
      "fmiId": null,
      "fmiFlag": "N",
      "scheduledMaintenanceFlag": "N",
      "serviceSheetFlag": null,
      "clickFlag": null,
      "serviceFlag": null,
      "autoAttachFlag": null,
      "fmiMandatoryFlag": null,
      "customerName": "CSX Transportation",
      "scheduleAlert": null,
      "dueFlag": "Y",
      "materialFlag": null
    },
    {
      "serviceTypeCode": "SP",
      "workorderStatus": null,
      "serviceSheetStatusCode": "100",
      "statusDesc": "Pending",
      "programName": "Local SP-33-20100610",
      "serviceSheetComments": "CSX Special Truck Inspection for Lateral Motion Report Rev B",
      "serviceSheetId": 7234383,
      "serviceProgramId": 62267,
      "serviceWorkorderId": null,
      "serviceItemId": null,
      "scheduledDate": null,
      "scheduledOverrideFlag": null,
      "lastPerformedDate": null,
      "fmiId": 26069,
      "fmiFlag": "Y",
      "scheduledMaintenanceFlag": "Y",
      "serviceSheetFlag": null,
      "clickFlag": null,
      "serviceFlag": null,
      "autoAttachFlag": null,
      "fmiMandatoryFlag": null,
      "customerName": "CSX Transportation",
      "scheduleAlert": null,
      "dueFlag": "Y",
      "materialFlag": null
    },
    {
      "serviceTypeCode": "GR",
      "workorderStatus": null,
      "serviceSheetStatusCode": "100",
      "statusDesc": "Pending",
      "programName": "HPFP CO (Non Scheduled)",
      "serviceSheetComments": "HPFP Change Out (Non Scheduled)",
      "serviceSheetId": 7365567,
      "serviceProgramId": 62591,
      "serviceWorkorderId": null,
      "serviceItemId": 0,
      "scheduledDate": "2010-07-22",
      "scheduledOverrideFlag": null,
      "lastPerformedDate": null,
      "fmiId": null,
      "fmiFlag": "N",
      "scheduledMaintenanceFlag": "N",
      "serviceSheetFlag": null,
      "clickFlag": null,
      "serviceFlag": null,
      "autoAttachFlag": null,
      "fmiMandatoryFlag": null,
      "customerName": "CSX Transportation",
      "scheduleAlert": null,
      "dueFlag": "Y",
      "materialFlag": null
    },
    {
      "serviceTypeCode": "SP",
      "workorderStatus": null,
      "serviceSheetStatusCode": "100",
      "statusDesc": "Pending",
      "programName": "FMI-23-39723",
      "serviceSheetComments": "Inspect and change out suspect air duct boots for nonconforming material properties.",
      "serviceSheetId": 8155852,
      "serviceProgramId": 63941,
      "serviceWorkorderId": null,
      "serviceItemId": null,
      "scheduledDate": null,
      "scheduledOverrideFlag": null,
      "lastPerformedDate": null,
      "fmiId": 27816,
      "fmiFlag": "Y",
      "scheduledMaintenanceFlag": "Y",
      "serviceSheetFlag": null,
      "clickFlag": null,
      "serviceFlag": null,
      "autoAttachFlag": null,
      "fmiMandatoryFlag": null,
      "customerName": "CSX Transportation",
      "scheduleAlert": null,
      "dueFlag": "Y",
      "materialFlag": null
    },
    {
      "serviceTypeCode": "SP",
      "workorderStatus": null,
      "serviceSheetStatusCode": "100",
      "statusDesc": "Pending",
      "programName": "Local SP-24-40021",
      "serviceSheetComments": "CDC Inspection for loose screws and containment",
      "serviceSheetId": 8884508,
      "serviceProgramId": 64723,
      "serviceWorkorderId": null,
      "serviceItemId": null,
      "scheduledDate": null,
      "scheduledOverrideFlag": null,
      "lastPerformedDate": null,
      "fmiId": 28977,
      "fmiFlag": "Y",
      "scheduledMaintenanceFlag": "Y",
      "serviceSheetFlag": null,
      "clickFlag": null,
      "serviceFlag": null,
      "autoAttachFlag": null,
      "fmiMandatoryFlag": null,
      "customerName": "CSX Transportation",
      "scheduleAlert": null,
      "dueFlag": "Y",
      "materialFlag": null
    },
    {
      "serviceTypeCode": "GR",
      "workorderStatus": null,
      "serviceSheetStatusCode": "100",
      "statusDesc": "Pending",
      "programName": "HAND BRAKE TROUBLE SHOOTING",
      "serviceSheetComments": "HAND BRAKE TROUBLE SHOOTING",
      "serviceSheetId": 9020428,
      "serviceProgramId": 64869,
      "serviceWorkorderId": null,
      "serviceItemId": 0,
      "scheduledDate": "2011-11-22",
      "scheduledOverrideFlag": null,
      "lastPerformedDate": null,
      "fmiId": null,
      "fmiFlag": "N",
      "scheduledMaintenanceFlag": "N",
      "serviceSheetFlag": null,
      "clickFlag": null,
      "serviceFlag": null,
      "autoAttachFlag": null,
      "fmiMandatoryFlag": null,
      "customerName": "CSX Transportation",
      "scheduleAlert": null,
      "dueFlag": "Y",
      "materialFlag": null
    },
    {
      "serviceTypeCode": "SP",
      "workorderStatus": null,
      "serviceSheetStatusCode": "100",
      "statusDesc": "Pending",
      "programName": "FTON-35-555695",
      "serviceSheetComments": "Field test steel wiper arms on CSX Dash 8 and 9 locomotives",
      "serviceSheetId": 9322528,
      "serviceProgramId": 65254,
      "serviceWorkorderId": null,
      "serviceItemId": null,
      "scheduledDate": null,
      "scheduledOverrideFlag": null,
      "lastPerformedDate": null,
      "fmiId": 29943,
      "fmiFlag": "Y",
      "scheduledMaintenanceFlag": "Y",
      "serviceSheetFlag": null,
      "clickFlag": null,
      "serviceFlag": null,
      "autoAttachFlag": null,
      "fmiMandatoryFlag": null,
      "customerName": "CSX Transportation",
      "scheduleAlert": null,
      "dueFlag": "Y",
      "materialFlag": null
    },
    {
      "serviceTypeCode": "SP",
      "workorderStatus": null,
      "serviceSheetStatusCode": "100",
      "statusDesc": "Pending",
      "programName": "Local SP-32-20120322",
      "serviceSheetComments": "CSX 2012 Locomotive Storage Process",
      "serviceSheetId": 9415375,
      "serviceProgramId": 65277,
      "serviceWorkorderId": null,
      "serviceItemId": null,
      "scheduledDate": null,
      "scheduledOverrideFlag": null,
      "lastPerformedDate": null,
      "fmiId": 29976,
      "fmiFlag": "Y",
      "scheduledMaintenanceFlag": "Y",
      "serviceSheetFlag": null,
      "clickFlag": null,
      "serviceFlag": null,
      "autoAttachFlag": null,
      "fmiMandatoryFlag": null,
      "customerName": "CSX Transportation",
      "scheduleAlert": null,
      "dueFlag": "Y",
      "materialFlag": null
    },
    {
      "serviceTypeCode": "GR",
      "workorderStatus": null,
      "serviceSheetStatusCode": "100",
      "statusDesc": "Pending",
      "programName": "FUEL TRANSFER PUMP CO (non T2)",
      "serviceSheetComments": "FUEL TRANSFER PUMP CO (non T2 EVO)",
      "serviceSheetId": 9864353,
      "serviceProgramId": 65406,
      "serviceWorkorderId": null,
      "serviceItemId": 459001,
      "scheduledDate": "2012-09-06",
      "scheduledOverrideFlag": null,
      "lastPerformedDate": null,
      "fmiId": null,
      "fmiFlag": "N",
      "scheduledMaintenanceFlag": "N",
      "serviceSheetFlag": null,
      "clickFlag": null,
      "serviceFlag": null,
      "autoAttachFlag": null,
      "fmiMandatoryFlag": null,
      "customerName": "CSX Transportation",
      "scheduleAlert": null,
      "dueFlag": "Y",
      "materialFlag": null
    },
    {
      "serviceTypeCode": "SP",
      "workorderStatus": null,
      "serviceSheetStatusCode": "100",
      "statusDesc": "Pending",
      "programName": "Local SP-32-20120814",
      "serviceSheetComments": "CSX 2012 Return to Service from Storage",
      "serviceSheetId": 10365486,
      "serviceProgramId": 65430,
      "serviceWorkorderId": null,
      "serviceItemId": null,
      "scheduledDate": null,
      "scheduledOverrideFlag": null,
      "lastPerformedDate": null,
      "fmiId": 30136,
      "fmiFlag": "Y",
      "scheduledMaintenanceFlag": "Y",
      "serviceSheetFlag": null,
      "clickFlag": null,
      "serviceFlag": null,
      "autoAttachFlag": null,
      "fmiMandatoryFlag": null,
      "customerName": "CSX Transportation",
      "scheduleAlert": null,
      "dueFlag": "Y",
      "materialFlag": null
    },
    {
      "serviceTypeCode": "GR",
      "workorderStatus": null,
      "serviceSheetStatusCode": "100",
      "statusDesc": "Pending",
      "programName": "IGBT TROUBLE SHOOTING",
      "serviceSheetComments": "IGBT Trouble Shooting",
      "serviceSheetId": 9955815,
      "serviceProgramId": 65432,
      "serviceWorkorderId": null,
      "serviceItemId": 0,
      "scheduledDate": "2012-09-06",
      "scheduledOverrideFlag": null,
      "lastPerformedDate": null,
      "fmiId": null,
      "fmiFlag": "N",
      "scheduledMaintenanceFlag": "N",
      "serviceSheetFlag": null,
      "clickFlag": null,
      "serviceFlag": null,
      "autoAttachFlag": null,
      "fmiMandatoryFlag": null,
      "customerName": "CSX Transportation",
      "scheduleAlert": null,
      "dueFlag": "Y",
      "materialFlag": null
    },
    {
      "serviceTypeCode": "GR",
      "workorderStatus": null,
      "serviceSheetStatusCode": "100",
      "statusDesc": "Pending",
      "programName": "ICS CMU TS",
      "serviceSheetComments": "ICS CMU TS",
      "serviceSheetId": 10388528,
      "serviceProgramId": 65566,
      "serviceWorkorderId": null,
      "serviceItemId": 0,
      "scheduledDate": "2012-12-06",
      "scheduledOverrideFlag": null,
      "lastPerformedDate": null,
      "fmiId": null,
      "fmiFlag": "N",
      "scheduledMaintenanceFlag": "N",
      "serviceSheetFlag": null,
      "clickFlag": null,
      "serviceFlag": null,
      "autoAttachFlag": null,
      "fmiMandatoryFlag": null,
      "customerName": "CSX Transportation",
      "scheduleAlert": null,
      "dueFlag": "Y",
      "materialFlag": null
    },
    {
      "serviceTypeCode": "GR",
      "workorderStatus": null,
      "serviceSheetStatusCode": "100",
      "statusDesc": "Pending",
      "programName": "ICS DP TS",
      "serviceSheetComments": "ICS DP TS",
      "serviceSheetId": 10392608,
      "serviceProgramId": 65567,
      "serviceWorkorderId": null,
      "serviceItemId": 0,
      "scheduledDate": "2012-12-06",
      "scheduledOverrideFlag": null,
      "lastPerformedDate": null,
      "fmiId": null,
      "fmiFlag": "N",
      "scheduledMaintenanceFlag": "N",
      "serviceSheetFlag": null,
      "clickFlag": null,
      "serviceFlag": null,
      "autoAttachFlag": null,
      "fmiMandatoryFlag": null,
      "customerName": "CSX Transportation",
      "scheduleAlert": null,
      "dueFlag": "Y",
      "materialFlag": null
    },
    {
      "serviceTypeCode": "GR",
      "workorderStatus": null,
      "serviceSheetStatusCode": "100",
      "statusDesc": "Pending",
      "programName": "ICS TRIP OPTIMIZER TS",
      "serviceSheetComments": "ICS TRIP OPTIMIZER TROUBLE SHOOTING",
      "serviceSheetId": 10911594,
      "serviceProgramId": 65568,
      "serviceWorkorderId": null,
      "serviceItemId": null,
      "scheduledDate": "2013-04-09",
      "scheduledOverrideFlag": null,
      "lastPerformedDate": "2013-04-08",
      "fmiId": null,
      "fmiFlag": "N",
      "scheduledMaintenanceFlag": "N",
      "serviceSheetFlag": null,
      "clickFlag": null,
      "serviceFlag": null,
      "autoAttachFlag": null,
      "fmiMandatoryFlag": null,
      "customerName": "CSX Transportation",
      "scheduleAlert": null,
      "dueFlag": "Y",
      "materialFlag": null
    },
    {
      "serviceTypeCode": "SP",
      "workorderStatus": null,
      "serviceSheetStatusCode": "100",
      "statusDesc": "Pending",
      "programName": "Local SP-25-412502",
      "serviceSheetComments": "Data Collection to validate Hioki Tester and set limits that reflect the current condemning limits set by the load test",
      "serviceSheetId": 10562754,
      "serviceProgramId": 65609,
      "serviceWorkorderId": null,
      "serviceItemId": null,
      "scheduledDate": null,
      "scheduledOverrideFlag": null,
      "lastPerformedDate": null,
      "fmiId": 30362,
      "fmiFlag": "Y",
      "scheduledMaintenanceFlag": "Y",
      "serviceSheetFlag": null,
      "clickFlag": null,
      "serviceFlag": null,
      "autoAttachFlag": null,
      "fmiMandatoryFlag": null,
      "customerName": "CSX Transportation",
      "scheduleAlert": null,
      "dueFlag": "Y",
      "materialFlag": null
    },
    {
      "serviceTypeCode": "SP",
      "workorderStatus": null,
      "serviceSheetStatusCode": "100",
      "statusDesc": "Pending",
      "programName": "Upgrade Kit-35-555716",
      "serviceSheetComments": "Upgrade CMU to CHP3R ",
      "serviceSheetId": 11115411,
      "serviceProgramId": 65697,
      "serviceWorkorderId": null,
      "serviceItemId": null,
      "scheduledDate": null,
      "scheduledOverrideFlag": null,
      "lastPerformedDate": null,
      "fmiId": 30441,
      "fmiFlag": "Y",
      "scheduledMaintenanceFlag": "Y",
      "serviceSheetFlag": null,
      "clickFlag": null,
      "serviceFlag": null,
      "autoAttachFlag": null,
      "fmiMandatoryFlag": null,
      "customerName": "CSX Transportation",
      "scheduleAlert": null,
      "dueFlag": "Y",
      "materialFlag": null
    },
    {
      "serviceTypeCode": "GR",
      "workorderStatus": null,
      "serviceSheetStatusCode": "100",
      "statusDesc": "Pending",
      "programName": "POWER ASSEMBLY (FDL) CO",
      "serviceSheetComments": "POWER ASSEMBLY (FDL) CO",
      "serviceSheetId": 11238233,
      "serviceProgramId": 65781,
      "serviceWorkorderId": null,
      "serviceItemId": 1042658,
      "scheduledDate": "2013-06-14",
      "scheduledOverrideFlag": null,
      "lastPerformedDate": null,
      "fmiId": null,
      "fmiFlag": "N",
      "scheduledMaintenanceFlag": "N",
      "serviceSheetFlag": null,
      "clickFlag": null,
      "serviceFlag": null,
      "autoAttachFlag": null,
      "fmiMandatoryFlag": null,
      "customerName": "CSX Transportation",
      "scheduleAlert": null,
      "dueFlag": "Y",
      "materialFlag": null
    },
    {
      "serviceTypeCode": "SP",
      "workorderStatus": null,
      "serviceSheetStatusCode": "100",
      "statusDesc": "Pending",
      "programName": "FTON-35-1334",
      "serviceSheetComments": "CMU software upgrade to support the CSX ACC Phase 1 project. For Non-ACC units.  ",
      "serviceSheetId": 11272524,
      "serviceProgramId": 65794,
      "serviceWorkorderId": null,
      "serviceItemId": null,
      "scheduledDate": null,
      "scheduledOverrideFlag": null,
      "lastPerformedDate": null,
      "fmiId": 30511,
      "fmiFlag": "Y",
      "scheduledMaintenanceFlag": "Y",
      "serviceSheetFlag": null,
      "clickFlag": null,
      "serviceFlag": null,
      "autoAttachFlag": null,
      "fmiMandatoryFlag": null,
      "customerName": "CSX Transportation",
      "scheduleAlert": null,
      "dueFlag": "Y",
      "materialFlag": null
    },
    {
      "serviceTypeCode": "SP",
      "workorderStatus": null,
      "serviceSheetStatusCode": "100",
      "statusDesc": "Pending",
      "programName": "Local SP-32-20130701",
      "serviceSheetComments": "CSX 2013 Return to Service from Storage",
      "serviceSheetId": 11320457,
      "serviceProgramId": 65814,
      "serviceWorkorderId": null,
      "serviceItemId": null,
      "scheduledDate": null,
      "scheduledOverrideFlag": null,
      "lastPerformedDate": null,
      "fmiId": 30555,
      "fmiFlag": "Y",
      "scheduledMaintenanceFlag": "Y",
      "serviceSheetFlag": null,
      "clickFlag": null,
      "serviceFlag": null,
      "autoAttachFlag": null,
      "fmiMandatoryFlag": null,
      "customerName": "CSX Transportation",
      "scheduleAlert": null,
      "dueFlag": "Y",
      "materialFlag": null
    },
    {
      "serviceTypeCode": "CO",
      "workorderStatus": null,
      "serviceSheetStatusCode": "100",
      "statusDesc": "Pending",
      "programName": "ALTERNATOR CR STUD CO",
      "serviceSheetComments": "ALTERNATOR CR STUD CO",
      "serviceSheetId": 11345254,
      "serviceProgramId": 65824,
      "serviceWorkorderId": null,
      "serviceItemId": 1019699,
      "scheduledDate": "2013-07-06",
      "scheduledOverrideFlag": null,
      "lastPerformedDate": null,
      "fmiId": null,
      "fmiFlag": "N",
      "scheduledMaintenanceFlag": "N",
      "serviceSheetFlag": null,
      "clickFlag": null,
      "serviceFlag": null,
      "autoAttachFlag": null,
      "fmiMandatoryFlag": null,
      "customerName": "CSX Transportation",
      "scheduleAlert": null,
      "dueFlag": "Y",
      "materialFlag": null
    },
    {
      "serviceTypeCode": "CO",
      "workorderStatus": null,
      "serviceSheetStatusCode": "100",
      "statusDesc": "Pending",
      "programName": "ALTERNATOR ROTOR F CABLE REPAIR",
      "serviceSheetComments": "ALTERNATOR ROTOR F CABLE REPAIR",
      "serviceSheetId": 11354688,
      "serviceProgramId": 65825,
      "serviceWorkorderId": null,
      "serviceItemId": 1019701,
      "scheduledDate": "2013-07-06",
      "scheduledOverrideFlag": null,
      "lastPerformedDate": null,
      "fmiId": null,
      "fmiFlag": "N",
      "scheduledMaintenanceFlag": "N",
      "serviceSheetFlag": null,
      "clickFlag": null,
      "serviceFlag": null,
      "autoAttachFlag": null,
      "fmiMandatoryFlag": null,
      "customerName": "CSX Transportation",
      "scheduleAlert": null,
      "dueFlag": "Y",
      "materialFlag": null
    },
    {
      "serviceTypeCode": "CO",
      "workorderStatus": null,
      "serviceSheetStatusCode": "100",
      "statusDesc": "Pending",
      "programName": "ALTERNATOR AUX T CABLE REPAIR",
      "serviceSheetComments": "ALTERNATOR AUX T CABLE REPAIR",
      "serviceSheetId": 11363931,
      "serviceProgramId": 65826,
      "serviceWorkorderId": null,
      "serviceItemId": 1019702,
      "scheduledDate": "2013-07-06",
      "scheduledOverrideFlag": null,
      "lastPerformedDate": null,
      "fmiId": null,
      "fmiFlag": "N",
      "scheduledMaintenanceFlag": "N",
      "serviceSheetFlag": null,
      "clickFlag": null,
      "serviceFlag": null,
      "autoAttachFlag": null,
      "fmiMandatoryFlag": null,
      "customerName": "CSX Transportation",
      "scheduleAlert": null,
      "dueFlag": "Y",
      "materialFlag": null
    },
    {
      "serviceTypeCode": "CO",
      "workorderStatus": null,
      "serviceSheetStatusCode": "100",
      "statusDesc": "Pending",
      "programName": "ALTERNATOR CR STONING",
      "serviceSheetComments": "ALTERNATOR CR STONING",
      "serviceSheetId": 11373196,
      "serviceProgramId": 65827,
      "serviceWorkorderId": null,
      "serviceItemId": 1019700,
      "scheduledDate": "2013-07-06",
      "scheduledOverrideFlag": null,
      "lastPerformedDate": null,
      "fmiId": null,
      "fmiFlag": "N",
      "scheduledMaintenanceFlag": "N",
      "serviceSheetFlag": null,
      "clickFlag": null,
      "serviceFlag": null,
      "autoAttachFlag": null,
      "fmiMandatoryFlag": null,
      "customerName": "CSX Transportation",
      "scheduleAlert": null,
      "dueFlag": "Y",
      "materialFlag": null
    },
    {
      "serviceTypeCode": "CO",
     "workorderStatus": null,
      "serviceSheetStatusCode": "100",
      "statusDesc": "Pending",
      "programName": "ALTERNATOR BRUSH HOLDER STUD CO",
      "serviceSheetComments": "ALTERNATOR BRUSH HOLDER STUD CO",
      "serviceSheetId": 11382211,
     "serviceProgramId": 65828,
      "serviceWorkorderId": null,
      "serviceItemId": 1019703,
      "scheduledDate": "2013-07-06",
      "scheduledOverrideFlag": null,
      "lastPerformedDate": null,
      "fmiId": null,
      "fmiFlag": "N",
      "scheduledMaintenanceFlag": "N",
      "serviceSheetFlag": null,
      "clickFlag": null,
      "serviceFlag": null,
      "autoAttachFlag": null,
      "fmiMandatoryFlag": null,
      "customerName": "CSX Transportation",
      "scheduleAlert": null,
      "dueFlag": "Y",
      "materialFlag": null
    },
    {
      "serviceTypeCode": "CO",
      "workorderStatus": null,
      "serviceSheetStatusCode": "100",
      "statusDesc": "Pending",
      "programName": "ALTERNATOR CR/SLIP RING CO",
      "serviceSheetComments": "ALTERNATOR CR/SLIP RING CO",
      "serviceSheetId": 11391302,
      "serviceProgramId": 65829,
      "serviceWorkorderId": null,
      "serviceItemId": 286071,
      "scheduledDate": "2013-07-06",
      "scheduledOverrideFlag": null,
     "lastPerformedDate": null,
      "fmiId": null,
      "fmiFlag": "N",
      "scheduledMaintenanceFlag": "N",
      "serviceSheetFlag": null,
      "clickFlag": null,
      "serviceFlag": null,
      "autoAttachFlag": null,
      "fmiMandatoryFlag": null,
      "customerName": "CSX Transportation",
      "scheduleAlert": null,
      "dueFlag": "Y",
      "materialFlag": null
    },
    {
      "serviceTypeCode": "CO",
      "workorderStatus": null,
      "serviceSheetStatusCode": "100",
      "statusDesc": "Pending",
      "programName": "ALTERNATOR AUX STATOR CABLE REPAIR",
      "serviceSheetComments": "ALTERNATOR AUX STATOR CABLE REPAIR",
      "serviceSheetId": 11676206,
      "serviceProgramId": 65830,
      "serviceWorkorderId": null,
      "serviceItemId": 1067568,
      "scheduledDate": "2013-09-14",
      "scheduledOverrideFlag": null,
      "lastPerformedDate": null,
      "fmiId": null,
      "fmiFlag": "N",
      "scheduledMaintenanceFlag": "N",
      "serviceSheetFlag": null,
      "clickFlag": null,
      "serviceFlag": null,
      "autoAttachFlag": null,
      "fmiMandatoryFlag": null,
      "customerName": "CSX Transportation",
      "scheduleAlert": null,
      "dueFlag": "Y",
      "materialFlag": null
    },
    {
      "serviceTypeCode": "SP",
      "workorderStatus": null,
      "serviceSheetStatusCode": "100",
      "statusDesc": "Pending",
      "programName": "Local SP-24-20130819",
      "serviceSheetComments": "This program will be attached and closed out to give traceability to locmotives receiving Air Compressors that have been re-ringed to address oil bypassing and low discharge pressure.",
      "serviceSheetId": 11573939,
      "serviceProgramId": 65899,
      "serviceWorkorderId": null,
      "serviceItemId": null,
      "scheduledDate": null,
      "scheduledOverrideFlag": null,
      "lastPerformedDate": null,
      "fmiId": 30612,
      "fmiFlag": "Y",
      "scheduledMaintenanceFlag": "Y",
      "serviceSheetFlag": null,
      "clickFlag": null,
      "serviceFlag": null,
      "autoAttachFlag": null,
      "fmiMandatoryFlag": null,
      "customerName": "CSX Transportation",
      "scheduleAlert": null,
      "dueFlag": "Y",
      "materialFlag": null
    },
    {
      "serviceTypeCode": "GR",
      "workorderStatus": null,
      "serviceSheetStatusCode": "100",
      "statusDesc": "Pending",
      "programName": "EGU Troubleshooting and CO",
      "serviceSheetComments": "EGU Troubleshooting and CO",
      "serviceSheetId": 11982495,
      "serviceProgramId": 66036,
      "serviceWorkorderId": null,
      "serviceItemId": 1073641,
      "scheduledDate": "2013-12-11",
      "scheduledOverrideFlag": null,
      "lastPerformedDate": null,
      "fmiId": null,
      "fmiFlag": "N",
      "scheduledMaintenanceFlag": "N",
      "serviceSheetFlag": null,
      "clickFlag": null,
      "serviceFlag": null,
      "autoAttachFlag": null,
      "fmiMandatoryFlag": null,
      "customerName": "CSX Transportation",
      "scheduleAlert": null,
      "dueFlag": "Y",
      "materialFlag": null
    },
    {
      "serviceTypeCode": "SP",
      "workorderStatus": null,
      "serviceSheetStatusCode": "100",
      "statusDesc": "Pending",
      "programName": "FTON-25-40636",
      "serviceSheetComments": "Install Single Point Watering System FTON on batteries for 50 CSX units.",
      "serviceSheetId": 12141247,
      "serviceProgramId": 66076,
      "serviceWorkorderId": null,
      "serviceItemId": null,
      "scheduledDate": null,
      "scheduledOverrideFlag": null,
      "lastPerformedDate": null,
      "fmiId": 30434,
      "fmiFlag": "Y",
      "scheduledMaintenanceFlag": "Y",
      "serviceSheetFlag": null,
      "clickFlag": null,
      "serviceFlag": null,
      "autoAttachFlag": null,
      "fmiMandatoryFlag": null,
      "customerName": "CSX Transportation",
      "scheduleAlert": null,
      "dueFlag": "Y",
      "materialFlag": null
    },
    {
      "serviceTypeCode": "SP",
      "workorderStatus": null,
      "serviceSheetStatusCode": "100",
      "statusDesc": "Pending",
      "programName": "FTON-35-555739",
      "serviceSheetComments": "Installs resistor in CFD power harness to insure proper screen shutdown",
      "serviceSheetId": 12967514,
      "serviceProgramId": 66171,
      "serviceWorkorderId": null,
      "serviceItemId": null,
      "scheduledDate": null,
      "scheduledOverrideFlag": null,
      "lastPerformedDate": null,
      "fmiId": 30890,
      "fmiFlag": "Y",
      "scheduledMaintenanceFlag": "Y",
      "serviceSheetFlag": null,
      "clickFlag": null,
      "serviceFlag": null,
      "autoAttachFlag": null,
      "fmiMandatoryFlag": null,
      "customerName": "CSX Transportation",
      "scheduleAlert": null,
      "dueFlag": "Y",
      "materialFlag": null
    },
    {
      "serviceTypeCode": "GR",
      "workorderStatus": null,
      "serviceSheetStatusCode": "100",
      "statusDesc": "Pending",
      "programName": "DYNAMIC BRAKING GRID CO",
      "serviceSheetComments": "DYNAMIC BRAKING GRID CO",
      "serviceSheetId": 12485071,
      "serviceProgramId": 66196,
      "serviceWorkorderId": null,
      "serviceItemId": 460898,
      "scheduledDate": "2014-04-01",
      "scheduledOverrideFlag": null,
      "lastPerformedDate": null,
      "fmiId": null,
      "fmiFlag": "N",
      "scheduledMaintenanceFlag": "N",
      "serviceSheetFlag": null,
      "clickFlag": null,
      "serviceFlag": null,
      "autoAttachFlag": null,
      "fmiMandatoryFlag": null,
      "customerName": "CSX Transportation",
      "scheduleAlert": null,
      "dueFlag": "Y",
      "materialFlag": null
    },
    {
      "serviceTypeCode": "GR",
      "workorderStatus": null,
      "serviceSheetStatusCode": "100",
      "statusDesc": "Pending",
      "programName": "TA FUEL PIT VERIFICATION",
      "serviceSheetComments": "TA FUEL PIT VERIFICATION",
      "serviceSheetId": 13653202,
      "serviceProgramId": 66232,
      "serviceWorkorderId": null,
      "serviceItemId": 1248504,
      "scheduledDate": "2015-01-24",
      "scheduledOverrideFlag": null,
      "lastPerformedDate": null,
      "fmiId": null,
      "fmiFlag": "N",
      "scheduledMaintenanceFlag": "N",
      "serviceSheetFlag": null,
      "clickFlag": null,
      "serviceFlag": null,
      "autoAttachFlag": null,
      "fmiMandatoryFlag": null,
      "customerName": "CSX Transportation",
      "scheduleAlert": null,
      "dueFlag": "Y",
      "materialFlag": null
    },
    {
      "serviceTypeCode": "GR",
      "workorderStatus": null,
      "serviceSheetStatusCode": "100",
      "statusDesc": "Pending",
      "programName": "UNSCHEDULED QUALIFICATION WORKSCOPE",
      "serviceSheetComments": "UNSCHEDULED QUALIFICATION WORKSCOPE",
      "serviceSheetId": 14047843,
      "serviceProgramId": 66240,
      "serviceWorkorderId": null,
      "serviceItemId": null,
      "scheduledDate": "2015-05-11",
      "scheduledOverrideFlag": null,
      "lastPerformedDate": "2015-05-10",
      "fmiId": null,
      "fmiFlag": "N",
      "scheduledMaintenanceFlag": "N",
      "serviceSheetFlag": null,
      "clickFlag": null,
      "serviceFlag": null,
      "autoAttachFlag": null,
      "fmiMandatoryFlag": null,
      "customerName": "CSX Transportation",
      "scheduleAlert": null,
      "dueFlag": "Y",
      "materialFlag": null
    },
    {
      "serviceTypeCode": "GR",
      "workorderStatus": null,
      "serviceSheetStatusCode": "100",
      "statusDesc": "Pending",
      "programName": "AIR DRYER TROUBLE SHOOTING",
      "serviceSheetComments": "AIR DRYER TROUBLE SHOOTING",
      "serviceSheetId": 12791160,
      "serviceProgramId": 66278,
      "serviceWorkorderId": null,
      "serviceItemId": 0,
      "scheduledDate": "2014-06-10",
      "scheduledOverrideFlag": null,
      "lastPerformedDate": null,
      "fmiId": null,
      "fmiFlag": "N",
      "scheduledMaintenanceFlag": "N",
      "serviceSheetFlag": null,
      "clickFlag": null,
      "serviceFlag": null,
      "autoAttachFlag": null,
      "fmiMandatoryFlag": null,
      "customerName": "CSX Transportation",
      "scheduleAlert": null,
      "dueFlag": "Y",
      "materialFlag": null
    },
    {
      "serviceTypeCode": "SP",
      "workorderStatus": null,
      "serviceSheetStatusCode": "100",
      "statusDesc": "Pending",
      "programName": "FMI-26-38404",
      "serviceSheetComments": "Install grease fitting into U-tube and perfrom mid life regreasing.",
      "serviceSheetId": 13959483,
      "serviceProgramId": 66293,
      "serviceWorkorderId": null,
      "serviceItemId": null,
      "scheduledDate": null,
      "scheduledOverrideFlag": null,
      "lastPerformedDate": null,
      "fmiId": 30893,
      "fmiFlag": "Y",
      "scheduledMaintenanceFlag": "Y",
      "serviceSheetFlag": null,
      "clickFlag": null,
      "serviceFlag": null,
      "autoAttachFlag": null,
      "fmiMandatoryFlag": null,
      "customerName": "CSX Transportation",
      "scheduleAlert": null,
      "dueFlag": "Y",
      "materialFlag": null
    },
    {
      "serviceTypeCode": "GR",
      "workorderStatus": null,
      "serviceSheetStatusCode": "100",
      "statusDesc": "Pending",
      "programName": "GTO TROUBLE SHOOTING",
      "serviceSheetComments": "GTO TROUBLE SHOOTING",
      "serviceSheetId": 13293964,
      "serviceProgramId": 66381,
      "serviceWorkorderId": null,
      "serviceItemId": 1188739,
      "scheduledDate": "2014-10-23",
      "scheduledOverrideFlag": null,
      "lastPerformedDate": null,
      "fmiId": null,
      "fmiFlag": "N",
      "scheduledMaintenanceFlag": "N",
      "serviceSheetFlag": null,
      "clickFlag": null,
      "serviceFlag": null,
      "autoAttachFlag": null,
      "fmiMandatoryFlag": null,
      "customerName": "CSX Transportation",
      "scheduleAlert": null,
      "dueFlag": "Y",
      "materialFlag": null
    },
    {
      "serviceTypeCode": "SP",
      "workorderStatus": null,
      "serviceSheetStatusCode": "100",
      "statusDesc": "Pending",
      "programName": "Local SP-32-20150101",
      "serviceSheetComments": "CSX 2015 Locomotive Storage Process",
      "serviceSheetId": 13622897,
      "serviceProgramId": 66517,
      "serviceWorkorderId": null,
      "serviceItemId": null,
     "scheduledDate": null,
      "scheduledOverrideFlag": null,
      "lastPerformedDate": null,
      "fmiId": 31292,
      "fmiFlag": "Y",
      "scheduledMaintenanceFlag": "Y",
      "serviceSheetFlag": null,
      "clickFlag": null,
      "serviceFlag": null,
      "autoAttachFlag": null,
      "fmiMandatoryFlag": null,
      "customerName": "CSX Transportation",
      "scheduleAlert": null,
      "dueFlag": "Y",
      "materialFlag": null
    },
    {
      "serviceTypeCode": "SP",
     "workorderStatus": null,
      "serviceSheetStatusCode": "100",
      "statusDesc": "Pending",
      "programName": "Local SP-32-20150103",
      "serviceSheetComments": "CSX 2015 Return to Service from Storage",
      "serviceSheetId": 13624478,
      "serviceProgramId": 66518,
      "serviceWorkorderId": null,
      "serviceItemId": null,
      "scheduledDate": null,
      "scheduledOverrideFlag": null,
      "lastPerformedDate": null,
      "fmiId": 31293,
      "fmiFlag": "Y",
      "scheduledMaintenanceFlag": "Y",
      "serviceSheetFlag": null,
      "clickFlag": null,
      "serviceFlag": null,
      "autoAttachFlag": null,
      "fmiMandatoryFlag": null,
      "customerName": "CSX Transportation",
      "scheduleAlert": null,
      "dueFlag": "Y",
      "materialFlag": null
    },
    {
      "serviceTypeCode": "SP",
      "workorderStatus": null,
      "serviceSheetStatusCode": "100",
      "statusDesc": "Pending",
      "programName": "FTON-35-78701441",
      "serviceSheetComments": "CSX AC4400 SHPT Phase 0",
      "serviceSheetId": 14070022,
      "serviceProgramId": 66600,
      "serviceWorkorderId": null,
      "serviceItemId": null,
      "scheduledDate": null,
      "scheduledOverrideFlag": null,
      "lastPerformedDate": null,
      "fmiId": 31345,
      "fmiFlag": "Y",
      "scheduledMaintenanceFlag": "Y",
      "serviceSheetFlag": null,
      "clickFlag": null,
      "serviceFlag": null,
      "autoAttachFlag": null,
      "fmiMandatoryFlag": null,
      "customerName": "CSX Transportation",
      "scheduleAlert": null,
      "dueFlag": "Y",
      "materialFlag": null
    },
    {
      "serviceTypeCode": "SP",
      "workorderStatus": null,
      "serviceSheetStatusCode": "100",
      "statusDesc": "Pending",
      "programName": "FMI-28-42436",
      "serviceSheetComments": "Aplicar kit de de actualizacion de terminales de ojillo para eliminar terminales fast-on.",
      "serviceSheetId": 14072891,
      "serviceProgramId": 66645,
      "serviceWorkorderId": null,
      "serviceItemId": null,
      "scheduledDate": null,
      "scheduledOverrideFlag": null,
      "lastPerformedDate": null,
      "fmiId": 31346,
      "fmiFlag": "Y",
      "scheduledMaintenanceFlag": "Y",
      "serviceSheetFlag": null,
      "clickFlag": null,
      "serviceFlag": null,
      "autoAttachFlag": null,
      "fmiMandatoryFlag": null,
      "customerName": "CSX Transportation",
      "scheduleAlert": null,
      "dueFlag": "Y",
      "materialFlag": null
    },
    {
      "serviceTypeCode": "SP",
      "workorderStatus": null,
      "serviceSheetStatusCode": "100",
      "statusDesc": "Pending",
      "programName": "Local SP-32-20150429",
      "serviceSheetComments": "This program is to remove the horn foot switch and TSM panel.",
      "serviceSheetId": 14060870,
      "serviceProgramId": 66670,
      "serviceWorkorderId": null,
      "serviceItemId": null,
      "scheduledDate": null,
      "scheduledOverrideFlag": null,
      "lastPerformedDate": null,
      "fmiId": 31474,
      "fmiFlag": "Y",
      "scheduledMaintenanceFlag": "Y",
      "serviceSheetFlag": null,
      "clickFlag": null,
      "serviceFlag": null,
      "autoAttachFlag": null,
      "fmiMandatoryFlag": null,
      "customerName": "CSX Transportation",
      "scheduleAlert": null,
      "dueFlag": "Y",
      "materialFlag": null
    },
    {
      "serviceTypeCode": "GR",
      "workorderStatus": null,
      "serviceSheetStatusCode": "100",
      "statusDesc": "Pending",
      "programName": "csx_pgm_eng",
      "serviceSheetComments": "csx_pgm_eng",
      "serviceSheetId": 14314198,
      "serviceProgramId": 66900,
      "serviceWorkorderId": null,
      "serviceItemId": 0,
      "scheduledDate": "2015-10-09",
      "scheduledOverrideFlag": null,
      "lastPerformedDate": null,
      "fmiId": null,
      "fmiFlag": "N",
      "scheduledMaintenanceFlag": "N",
      "serviceSheetFlag": null,
      "clickFlag": null,
      "serviceFlag": null,
      "autoAttachFlag": null,
      "fmiMandatoryFlag": null,
      "customerName": "CSX Transportation",
      "scheduleAlert": null,
      "dueFlag": "Y",
      "materialFlag": null
    },
    {
      "serviceTypeCode": "GR",
      "workorderStatus": null,
      "serviceSheetStatusCode": "100",
      "statusDesc": "Pending",
      "programName": "ser prgm eng",
      "serviceSheetComments": "ser prgm eng",
      "serviceSheetId": 14327075,
      "serviceProgramId": 66901,
      "serviceWorkorderId": null,
      "serviceItemId": 0,
      "scheduledDate": "2015-10-09",
      "scheduledOverrideFlag": null,
      "lastPerformedDate": null,
      "fmiId": null,
      "fmiFlag": "N",
      "scheduledMaintenanceFlag": "N",
      "serviceSheetFlag": null,
      "clickFlag": null,
      "serviceFlag": null,
      "autoAttachFlag": null,
      "fmiMandatoryFlag": null,
      "customerName": "CSX Transportation",
      "scheduleAlert": null,
      "dueFlag": "Y",
      "materialFlag": null
    },
    {
      "serviceTypeCode": "GR",
      "workorderStatus": null,
      "serviceSheetStatusCode": "100",
      "statusDesc": "Pending",
      "programName": "service pgm ENG",
      "serviceSheetComments": "service pgm ENG",
      "serviceSheetId": 14351451,
     "serviceProgramId": 66903,
      "serviceWorkorderId": null,
      "serviceItemId": 0,
      "scheduledDate": "2015-10-10",
      "scheduledOverrideFlag": null,
      "lastPerformedDate": null,
      "fmiId": null,
      "fmiFlag": "N",
      "scheduledMaintenanceFlag": "N",
      "serviceSheetFlag": null,
      "clickFlag": null,
      "serviceFlag": null,
      "autoAttachFlag": null,
      "fmiMandatoryFlag": null,
      "customerName": "CSX Transportation",
      "scheduleAlert": null,
      "dueFlag": "Y",
      "materialFlag": null
    },
    {
      "serviceTypeCode": "GR",
      "workorderStatus": null,
      "serviceSheetStatusCode": "100",
      "statusDesc": "Pending",
      "programName": "sjdhfbjkhsdbgfkhjsbdgfkhjbdsfjkk",
      "serviceSheetComments": "sjdhfbjkhsdbgfkhjsbdgfkhjbdsfjkk",
      "serviceSheetId": 14356745,
      "serviceProgramId": 66905,
      "serviceWorkorderId": null,
      "serviceItemId": 741362,
      "scheduledDate": null,
      "scheduledOverrideFlag": null,
      "lastPerformedDate": null,
      "fmiId": null,
      "fmiFlag": "N",
      "scheduledMaintenanceFlag": "N",
      "serviceSheetFlag": null,
      "clickFlag": null,
      "serviceFlag": null,
      "autoAttachFlag": null,
      "fmiMandatoryFlag": null,
      "customerName": "CSX Transportation",
      "scheduleAlert": null,
      "dueFlag": "Y",
      "materialFlag": null
    },
    {
      "serviceTypeCode": "GR",
      "workorderStatus": null,
      "serviceSheetStatusCode": "100",
      "statusDesc": "Pending",
      "programName": null,
      "serviceSheetComments": "Left 4 pa master rod change out",
      "serviceSheetId": 9766925,
      "serviceProgramId": null,
      "serviceWorkorderId": null,
      "serviceItemId": 281407,
      "scheduledDate": null,
      "scheduledOverrideFlag": null,
      "lastPerformedDate": null,
      "fmiId": null,
      "fmiFlag": null,
      "scheduledMaintenanceFlag": "N",
      "serviceSheetFlag": null,
      "clickFlag": null,
      "serviceFlag": null,
      "autoAttachFlag": null,
      "fmiMandatoryFlag": null,
      "customerName": "CSX Transportation",
      "scheduleAlert": null,
      "dueFlag": "Y",
      "materialFlag": null
    },
    {
      "serviceTypeCode": "GR",
      "workorderStatus": null,
      "serviceSheetStatusCode": "100",
      "statusDesc": "Pending",
      "programName": null,
      "serviceSheetComments": null,
      "serviceSheetId": 9394582,
      "serviceProgramId": null,
      "serviceWorkorderId": null,
      "serviceItemId": 398655,
      "scheduledDate": null,
      "scheduledOverrideFlag": null,
      "lastPerformedDate": null,
      "fmiId": null,
      "fmiFlag": null,
      "scheduledMaintenanceFlag": "N",
      "serviceSheetFlag": null,
      "clickFlag": null,
      "serviceFlag": null,
      "autoAttachFlag": null,
      "fmiMandatoryFlag": null,
      "customerName": "CSX Transportation",
      "scheduleAlert": null,
      "dueFlag": "Y",
      "materialFlag": null
    },
    {
      "serviceTypeCode": "GR",
      "workorderStatus": null,
      "serviceSheetStatusCode": "100",
      "statusDesc": "Pending",
      "programName": null,
      "serviceSheetComments": "Right 4 pa jacket change out",
      "serviceSheetId": 9767037,
      "serviceProgramId": null,
      "serviceWorkorderId": null,
      "serviceItemId": 285483,
      "scheduledDate": null,
      "scheduledOverrideFlag": null,
      "lastPerformedDate": null,
      "fmiId": null,
      "fmiFlag": null,
      "scheduledMaintenanceFlag": "N",
      "serviceSheetFlag": null,
      "clickFlag": null,
      "serviceFlag": null,
      "autoAttachFlag": null,
      "fmiMandatoryFlag": null,
      "customerName": "CSX Transportation",
      "scheduleAlert": null,
      "dueFlag": "Y",
      "materialFlag": null
    },
    {
      "serviceTypeCode": "GR",
      "workorderStatus": null,
      "serviceSheetStatusCode": "100",
      "statusDesc": "Pending",
      "programName": null,
      "serviceSheetComments": "Right 4 pa art rod change out",
      "serviceSheetId": 9766926,
      "serviceProgramId": null,
      "serviceWorkorderId": null,
      "serviceItemId": 281409,
      "scheduledDate": null,
      "scheduledOverrideFlag": null,
      "lastPerformedDate": null,
      "fmiId": null,
      "fmiFlag": null,
      "scheduledMaintenanceFlag": "N",
      "serviceSheetFlag": null,
      "clickFlag": null,
      "serviceFlag": null,
      "autoAttachFlag": null,
      "fmiMandatoryFlag": null,
      "customerName": "CSX Transportation",
      "scheduleAlert": null,
      "dueFlag": "Y",
      "materialFlag": null
    },
    {
      "serviceTypeCode": "GR",
      "workorderStatus": null,
      "serviceSheetStatusCode": "100",
      "statusDesc": "Pending",
      "programName": null,
      "serviceSheetComments": "Left 4 pa jacket change out",
      "serviceSheetId": 9767038,
      "serviceProgramId": null,
      "serviceWorkorderId": null,
      "serviceItemId": 285483,
      "scheduledDate": null,
      "scheduledOverrideFlag": null,
      "lastPerformedDate": null,
      "fmiId": null,
      "fmiFlag": null,
      "scheduledMaintenanceFlag": "N",
      "serviceSheetFlag": null,
      "clickFlag": null,
      "serviceFlag": null,
      "autoAttachFlag": null,
      "fmiMandatoryFlag": null,
      "customerName": "CSX Transportation",
      "scheduleAlert": null,
      "dueFlag": "Y",
      "materialFlag": null
    },
    {
      "serviceTypeCode": "GR",
      "workorderStatus": null,
      "serviceSheetStatusCode": "100",
      "statusDesc": "Pending",
      "programName": null,
      "serviceSheetComments": "Prior defect from 210073101 at Russell KY CSC on 27-OCT-13 : oil on top of #2 t/m",
      "serviceSheetId": 11835795,
      "serviceProgramId": null,
      "serviceWorkorderId": null,
      "serviceItemId": null,
      "scheduledDate": null,
      "scheduledOverrideFlag": null,
      "lastPerformedDate": null,
      "fmiId": null,
      "fmiFlag": null,
      "scheduledMaintenanceFlag": "N",
      "serviceSheetFlag": null,
      "clickFlag": null,
      "serviceFlag": null,
      "autoAttachFlag": null,
      "fmiMandatoryFlag": null,
      "customerName": "CSX Transportation",
      "scheduleAlert": null,
      "dueFlag": "Y",
      "materialFlag": null
    },
    {
      "serviceTypeCode": "GR",
      "workorderStatus": null,
      "serviceSheetStatusCode": "100",
      "statusDesc": "Pending",
      "programName": null,
      "serviceSheetComments": "Prior defect from SMORGAN at Selkirk NY CSC on 16-APR-13 : CMOR; Fuel monitors not working",
      "serviceSheetId": 10937288,
      "serviceProgramId": null,
      "serviceWorkorderId": null,
      "serviceItemId": null,
      "scheduledDate": null,
      "scheduledOverrideFlag": null,
      "lastPerformedDate": null,
      "fmiId": null,
      "fmiFlag": null,
      "scheduledMaintenanceFlag": "N",
      "serviceSheetFlag": null,
      "clickFlag": null,
      "serviceFlag": null,
      "autoAttachFlag": null,
      "fmiMandatoryFlag": null,
      "customerName": "CSX Transportation",
      "scheduleAlert": null,
      "dueFlag": "Y",
      "materialFlag": null
    },
    {
      "serviceTypeCode": "GR",
      "workorderStatus": null,
      "serviceSheetStatusCode": "100",
      "statusDesc": "Pending",
      "programName": null,
      "serviceSheetComments": "Prior defect from C1HUDSON at Waycross Georgia CSC on 27-MAY-13 : horisotial shocks bad order           ",
      "serviceSheetId": 11154004,
      "serviceProgramId": null,
      "serviceWorkorderId": null,
      "serviceItemId": null,
      "scheduledDate": null,
      "scheduledOverrideFlag": null,
      "lastPerformedDate": null,
      "fmiId": null,
      "fmiFlag": null,
      "scheduledMaintenanceFlag": "N",
      "serviceSheetFlag": null,
      "clickFlag": null,
      "serviceFlag": null,
      "autoAttachFlag": null,
      "fmiMandatoryFlag": null,
      "customerName": "CSX Transportation",
      "scheduleAlert": null,
      "dueFlag": "Y",
      "materialFlag": null
    },
    {
      "serviceTypeCode": "GR",
      "workorderStatus": null,
      "serviceSheetStatusCode": "100",
      "statusDesc": "Pending",
      "programName": null,
      "serviceSheetComments": "Prior defect from 210056941 at Selkirk NY CSC on 12-AUG-14 : Please remove Di/Dt carbody panels and check for any secondary damage in this area.  May also need to remove Capacitor Panel as well to check Di/Dt to PM cabling.  Thanks!",
      "serviceSheetId": 13019486,
      "serviceProgramId": null,
      "serviceWorkorderId": null,
      "serviceItemId": null,
      "scheduledDate": null,
      "scheduledOverrideFlag": null,
      "lastPerformedDate": null,
      "fmiId": null,
      "fmiFlag": null,
      "scheduledMaintenanceFlag": "N",
      "serviceSheetFlag": null,
      "clickFlag": null,
      "serviceFlag": null,
      "autoAttachFlag": null,
      "fmiMandatoryFlag": null,
      "customerName": "CSX Transportation",
      "scheduleAlert": null,
      "dueFlag": "Y",
      "materialFlag": null
    }
  ],
  "status": {
    "statusCode": "SUCCESS",
    "message": "ok"
  }
}
