{
  "defect": [
    {
      "serviceWorkorderId": 335710,
      "defectId": 241,
      "defectComments": "Transition tube bolts loose /1 out",
      "serviceSheetId": 347800,
      "workorderNumber": "BNSF-8529-0185",
      "createdDate": "2000-11-16",
      "createdByUser": "JEFFREY DAVIS"
    },
    {
      "serviceWorkorderId": 335710,
      "defectId": 242,
      "defectComments": "gov sight glass leaking oil",
      "serviceSheetId": 347800,
      "workorderNumber": "BNSF-8529-0185",
      "createdDate": "2000-11-16",
      "createdByUser": "ROBERT WISSMAN"
    },
    {
      "serviceWorkorderId": 335710,
      "defectId": 243,
      "defectComments": "water level low",
      "serviceSheetId": 347800,
      "workorderNumber": "BNSF-8529-0185",
      "createdDate": "2000-11-16",
      "createdByUser": "ROBERT WISSMAN"
    },
    {
      "serviceWorkorderId": 335710,
      "defectId": 244,
      "defectComments": "water sight glass leaking top & bottom",
      "serviceSheetId": 347800,
      "workorderNumber": "BNSF-8529-0185",
      "createdDate": "2000-11-16",
      "createdByUser": "ROBERT WISSMAN"
    },
    {
      "serviceWorkorderId": 335710,
      "defectId": 245,
      "defectComments": "water sight glass leaking top & bottom",
      "serviceSheetId": 347800,
      "workorderNumber": "BNSF-8529-0185",
      "createdDate": "2000-11-16",
      "createdByUser": "ROBERT WISSMAN"
    },
    {
      "serviceWorkorderId": 335710,
      "defectId": 246,
      "defectComments": "all sanders blow air but no sand",
      "serviceSheetId": 347800,
      "workorderNumber": "BNSF-8529-0185",
      "createdDate": "2000-11-16",
      "createdByUser": "JAMES SHARP"
    },
    {
      "serviceWorkorderId": 335710,
      "defectId": 252,
      "defectComments": "right#6 & left#1 power assembly have an exhaust bolt broken off in the head",
      "serviceSheetId": 347800,
      "workorderNumber": "BNSF-8529-0185",
      "createdDate": "2000-11-16",
      "createdByUser": "JACK  PARR"
    },
    {
      "serviceWorkorderId": 335710,
      "defectId": 259,
      "defectComments": "right#1 & left#5 upper water jumpers leaking (engine hot)",
      "serviceSheetId": 347800,
      "workorderNumber": "BNSF-8529-0185",
      "createdDate": "2000-11-16",
      "createdByUser": "JACK  PARR"
    },
    {
      "serviceWorkorderId": 335710,
      "defectId": 260,
      "defectComments": "left rear breakaway post has loose bolts",
      "serviceSheetId": 347800,
      "workorderNumber": "BNSF-8529-0185",
      "createdDate": "2000-11-16",
      "createdByUser": "CECIL REED JR"
    },
    {
      "serviceWorkorderId": 335710,
      "defectId": 261,
      "defectComments": "rear coupler takes gage change out knuckle and guts",
      "serviceSheetId": 347800,
      "workorderNumber": "BNSF-8529-0185",
      "createdDate": "2000-11-16",
      "createdByUser": "CECIL REED JR"
    },
    {
      "serviceWorkorderId": 335710,
      "defectId": 262,
      "defectComments": "left 3and 4 brake shoes have excessive travl",
      "serviceSheetId": 347800,
      "workorderNumber": "BNSF-8529-0185",
      "createdDate": "2000-11-16",
      "createdByUser": "CECIL REED JR"
    },
    {
      "serviceWorkorderId": 335710,
      "defectId": 263,
      "defectComments": "left 3 coil spring pack is rubbing inside",
      "serviceSheetId": 347800,
      "workorderNumber": "BNSF-8529-0185",
      "createdDate": "2000-11-16",
      "createdByUser": "CECIL REED JR"
    },
    {
      "serviceWorkorderId": 335710,
      "defectId": 264,
      "defectComments": "left 1 and 2 axles have b.o. pedestal liners",
      "serviceSheetId": 347800,
      "workorderNumber": "BNSF-8529-0185",
      "createdDate": "2000-11-16",
      "createdByUser": "CECIL REED JR"
    },
    {
      "serviceWorkorderId": 335710,
      "defectId": 265,
      "defectComments": "right 1 & 2 axles have B.O. pedestal liners",
      "serviceSheetId": null,
      "workorderNumber": "BNSF-8529-0185",
      "createdDate": "2000-11-16",
      "createdByUser": "CECIL REED JR"
    },
    {
      "serviceWorkorderId": 335710,
      "defectId": 266,
      "defectComments": "right 3 & 4 brake shoes have excessive travel",
      "serviceSheetId": 347800,
      "workorderNumber": "BNSF-8529-0185",
      "createdDate": "2000-11-16",
      "createdByUser": "CECIL REED JR"
    },
    {
      "serviceWorkorderId": 335710,
      "defectId": 267,
      "defectComments": "water tank instructions missing",
      "serviceSheetId": 347800,
      "workorderNumber": "BNSF-8529-0185",
      "createdDate": "2000-11-16",
      "createdByUser": "DAVID STAINBROOK"
    },
    {
      "serviceWorkorderId": 335710,
      "defectId": 275,
      "defectComments": "left #1 snubber rubber cracked and comming apart. replace snubber",
      "serviceSheetId": null,
      "workorderNumber": "BNSF-8529-0185",
      "createdDate": "2000-11-17",
      "createdByUser": "CHRIS STAFFORD"
    }
  ],
  "message": "OK",
  "status": "SUCCESS",
  "locale": null
}
