{
   "fleetViewDetail":{
	   "fleetViewList":[
		  {
			 "direction":"E",
			 "roadNumber":"1",
			 "workorderId":"2029778",
			 "fleetId":"485",
			 "customerName":"Waycross Georgia CSC",
			 "customerName_Sort":"Waycross Georgia CSC",
			 "serviceOrganizationId":"115",
			 "customerId":"1119",
			 "inshopReasonCode":"FL",
			 "lastUpdateDate":1421955698000,
			 "cycleTime":"2015-01-22 13:41:00",
			 "badActorFlag":"L3",
			 "outOfShopRepairFlag":"N",
			 "workOrderStatusCode":"300",
			 "locomotiveStatusCode":"ACTIVE",
			 "locomotiveId":"9450",
			 "workorderStatusDesc":"Draft",
			 "timezoneOffset":"0",
			 "workorderNumber":"CSX-1-0202",
			 "fleetName":"CSX6A",
			 "locomotiveModelCode":"AC4400CW",
			 "locomotiveModelCode_sortable":"AC4400CW",
			 "locomotiveModelCode_sortable2":"AC4400CW",
			 "aarRoad":"CSX",
			 "_version_":1491028654054965248,
			 "locoColorStatus":"Scheduled",
			 "solrUpdateDate":1421955732398,
			 "expireDays":"5"
		  },
		  {
			 "direction":"N",
			 "roadNumber":"10",
			 "workorderId":"2030474",
			 "fleetId":"485",
			 "customerName":"Corbin KY CSC",
			 "customerName_Sort":"Corbin KY CSC",
			 "serviceOrganizationId":"445",
			 "customerId":"1119",
			 "inshopReasonCode":"RM",
			 "lastUpdateDate":1430924428000,
			 "cycleTime":"2015-05-06 20:31:00",
			 "outOfShopRepairFlag":"N",
			 "workOrderStatusCode":"300",
			 "locomotiveStatusCode":"ACTIVE",
			 "locomotiveId":"9459",
			 "workorderStatusDesc":"Draft",
			 "timezoneOffset":"0",
			 "workorderNumber":"CSX-10-0203",
			 "fleetName":"CSX6A",
			 "locomotiveModelCode":"AC4400CW",
			 "locomotiveModelCode_sortable":"AC4400CW",
			 "locomotiveModelCode_sortable2":"AC4400CW",
			 "aarRoad":"CSX",
			 "_version_":1500433015225974784,
			 "locoColorStatus":"Scheduled",
			 "solrUpdateDate":1430924430117,
			 "expireDays":"5"
		  },
		  {
			 "direction":"N",
			 "roadNumber":"100",
			 "workorderId":"2030504",
			 "fleetId":"485",
			 "customerName":"Corbin KY CSC",
			 "customerName_Sort":"Corbin KY CSC",
			 "serviceOrganizationId":"445",
			 "customerId":"1119",
			 "inshopReasonCode":"RM",
			 "lastUpdateDate":1430979812000,
			 "cycleTime":"2015-05-07 11:54:00",
			 "outOfShopRepairFlag":"N",
			 "workOrderStatusCode":"300",
			 "locomotiveStatusCode":"ACTIVE",
			 "locomotiveId":"9549",
			 "workorderStatusDesc":"Draft",
			 "timezoneOffset":"0",
			 "workorderNumber":"CSX-100-0191",
			 "fleetName":"CSX6A",
			 "locomotiveModelCode":"AC4400CW",
			 "locomotiveModelCode_sortable":"AC4400CW",
			 "locomotiveModelCode_sortable2":"AC4400CW",
			 "aarRoad":"CSX",
			 "_version_":1500491091593396224,
			 "locoColorStatus":"Scheduled",
			 "solrUpdateDate":1430979816060,
			 "expireDays":"5"
		  },
		  {
			 "roadNumber":"100",
			 "workorderId":"2129949",
			 "fleetId":"485",
			 "customerName":"Cumberland MD CSC",
			 "customerName_Sort":"Cumberland MD CSC",
			 "serviceOrganizationId":"704",
			 "customerId":"1119",
			 "inshopReasonCode":"GR",
			 "lastUpdateDate":1441978849000,
			 "outOfShopRepairFlag":"N",
			 "workOrderStatusCode":"150",
			 "locomotiveStatusCode":"ACTIVE",
			 "locomotiveId":"9549",
			 "workorderStatusDesc":"Draft",
			 "timezoneOffset":"0",
			 "workorderNumber":"CSX-100-0198",
			 "fleetName":"CSX6A",
			 "locomotiveModelCode":"AC4400CW",
			 "locomotiveModelCode_sortable":"AC4400CW",
			 "locomotiveModelCode_sortable2":"AC4400CW",
			 "aarRoad":"CSX",
			 "_version_":1514941057827078144,
			 "locoColorStatus":"Scheduled",
			 "solrUpdateDate":1444760377719,
			 "expireDays":"5"
		  },
		  {
			 "direction":"N",
			 "roadNumber":"101",
			 "workorderId":"2030449",
			 "fleetId":"485",
			 "customerName":"Corbin KY CSC",
			 "customerName_Sort":"Corbin KY CSC",
			 "serviceOrganizationId":"445",
			 "customerId":"1119",
			 "inshopReasonCode":"RM",
			 "lastUpdateDate":1430903112000,
			 "cycleTime":"2015-05-06 14:35:00",
			 "outOfShopRepairFlag":"N",
			 "workOrderStatusCode":"300",
			 "locomotiveStatusCode":"ACTIVE",
			 "locomotiveId":"9550",
			 "workorderStatusDesc":"Draft",
			 "timezoneOffset":"0",
			 "workorderNumber":"CSX-101-0203",
			 "fleetName":"CSX6A",
			 "locomotiveModelCode":"AC4400CW",
			 "locomotiveModelCode_sortable":"AC4400CW",
			 "locomotiveModelCode_sortable2":"AC4400CW",
			 "aarRoad":"CSX",
			 "_version_":1500410663214776320,
			 "locoColorStatus":"Scheduled",
			 "solrUpdateDate":1430903113654,
			 "expireDays":"5"
		  },
		  {
			 "roadNumber":"101",
			 "workorderId":"2129951",
			 "fleetId":"485",
			 "customerName":"Cumberland MD CSC",
			 "customerName_Sort":"Cumberland MD CSC",
			 "serviceOrganizationId":"704",
			 "customerId":"1119",
			 "inshopReasonCode":"GR",
			 "lastUpdateDate":1441978963000,
			 "outOfShopRepairFlag":"N",
			 "workOrderStatusCode":"150",
			 "locomotiveStatusCode":"ACTIVE",
			 "locomotiveId":"9550",
			 "workorderStatusDesc":"Draft",
			 "timezoneOffset":"0",
			 "workorderNumber":"CSX-101-0206",
			 "fleetName":"CSX6A",
			 "locomotiveModelCode":"AC4400CW",
			 "locomotiveModelCode_sortable":"AC4400CW",
			 "locomotiveModelCode_sortable2":"AC4400CW",
			 "aarRoad":"CSX",
			 "_version_":1514941068491096064,
			 "locoColorStatus":"Scheduled",
			 "solrUpdateDate":1444760387889,
			 "expireDays":"5"
		  },
		  {
			 "direction":"N",
			 "roadNumber":"102",
			 "workorderId":"2030462",
			 "fleetId":"485",
			 "customerName":"Corbin KY CSC",
			 "customerName_Sort":"Corbin KY CSC",
			 "serviceOrganizationId":"445",
			 "customerId":"1119",
			 "inshopReasonCode":"RM",
			 "lastUpdateDate":1430916942000,
			 "cycleTime":"2015-05-06 18:25:00",
			 "outOfShopRepairFlag":"N",
			 "workOrderStatusCode":"300",
			 "locomotiveStatusCode":"ACTIVE",
			 "locomotiveId":"9551",
			 "workorderStatusDesc":"Draft",
			 "timezoneOffset":"0",
			 "workorderNumber":"CSX-102-0184",
			 "fleetName":"CSX6A",
			 "locomotiveModelCode":"AC4400CW",
			 "locomotiveModelCode_sortable":"AC4400CW",
			 "locomotiveModelCode_sortable2":"AC4400CW",
			 "aarRoad":"CSX",
			 "_version_":1500425168483254272,
			 "locoColorStatus":"Scheduled",
			 "solrUpdateDate":1430916946882,
			 "expireDays":"5"
		  },
		  {
			 "roadNumber":"102",
			 "workorderId":"2130051",
			 "fleetId":"485",
			 "customerName":"Russell KY CSC",
			 "customerName_Sort":"Russell KY CSC",
			 "serviceOrganizationId":"705",
			 "customerId":"1119",
			 "inshopReasonCode":"FP",
			 "lastUpdateDate":1440064461000,
			 "outOfShopRepairFlag":"Y",
			 "workOrderStatusCode":"680",
			 "locomotiveStatusCode":"ACTIVE",
			 "locomotiveId":"9551",
			 "workorderStatusDesc":"Draft",
			 "timezoneOffset":"0",
			 "workorderNumber":"CSX-102-0191",
			 "fleetName":"CSX6A",
			 "locomotiveModelCode":"AC4400CW",
			 "locomotiveModelCode_sortable":"AC4400CW",
			 "locomotiveModelCode_sortable2":"AC4400CW",
			 "aarRoad":"CSX",
			 "_version_":1514940273495375872,
			 "locoColorStatus":"Scheduled",
			 "solrUpdateDate":1444759629722,
			 "expireDays":"5"
		  },
		  {
			 "direction":"N",
			 "roadNumber":"103",
			 "workorderId":"2030524",
			 "fleetId":"485",
			 "customerName":"Corbin KY CSC",
			 "customerName_Sort":"Corbin KY CSC",
			 "serviceOrganizationId":"445",
			 "customerId":"1119",
			 "inshopReasonCode":"RM",
			 "lastUpdateDate":1431068667000,
			 "cycleTime":"2015-05-08 12:34:00",
			 "outOfShopRepairFlag":"N",
			 "workOrderStatusCode":"300",
			 "locomotiveStatusCode":"ACTIVE",
			 "locomotiveId":"9552",
			 "workorderStatusDesc":"Draft",
			 "timezoneOffset":"0",
			 "workorderNumber":"CSX-103-0185",
			 "fleetName":"CSX6A",
			 "locomotiveModelCode":"AC4400CW",
			 "locomotiveModelCode_sortable":"AC4400CW",
			 "locomotiveModelCode_sortable2":"AC4400CW",
			 "aarRoad":"CSX",
			 "_version_":1500584274609307648,
			 "locoColorStatus":"Scheduled",
			 "solrUpdateDate":1431068682320,
			 "expireDays":"5"
		  },
		  {
			 "direction":"N",
			 "roadNumber":"104",
			 "workorderId":"2030527",
			 "fleetId":"485",
			 "customerName":"Corbin KY CSC",
			 "customerName_Sort":"Corbin KY CSC",
			 "serviceOrganizationId":"445",
			 "customerId":"1119",
			 "inshopReasonCode":"RM",
			 "lastUpdateDate":1431070145000,
			 "cycleTime":"2015-05-08 12:58:00",
			 "outOfShopRepairFlag":"N",
			 "workOrderStatusCode":"300",
			 "locomotiveStatusCode":"ACTIVE",
			 "locomotiveId":"9553",
			 "workorderStatusDesc":"Draft",
			 "timezoneOffset":"0",
			 "workorderNumber":"CSX-104-0158",
			 "fleetName":"CSX6A",
			 "locomotiveModelCode":"AC4400CW",
			 "locomotiveModelCode_sortable":"AC4400CW",
			 "locomotiveModelCode_sortable2":"AC4400CW",
			 "aarRoad":"CSX",
			 "_version_":1500585814628761600,
			 "locoColorStatus":"Scheduled",
			 "solrUpdateDate":1431070150983,
			 "expireDays":"5"
		  },
		  {
			 "direction":"E",
			 "roadNumber":"104",
			 "workorderId":"2130005",
			 "fleetId":"485",
			 "customerName":"Cumberland MD CSC",
			 "customerName_Sort":"Cumberland MD CSC",
			 "serviceOrganizationId":"704",
			 "customerId":"1119",
			 "inshopReasonCode":"GR",
			 "lastUpdateDate":1441979009000,
			 "cycleTime":"2015-09-11 09:43:00",
			 "outOfShopRepairFlag":"N",
			 "workOrderStatusCode":"300",
			 "locomotiveStatusCode":"ACTIVE",
			 "locomotiveId":"9553",
			 "workorderStatusDesc":"Draft",
			 "timezoneOffset":"0",
			 "workorderNumber":"CSX-104-0164",
			 "fleetName":"CSX6A",
			 "locomotiveModelCode":"AC4400CW",
			 "locomotiveModelCode_sortable":"AC4400CW",
			 "locomotiveModelCode_sortable2":"AC4400CW",
			 "aarRoad":"CSX",
			 "_version_":1514940234745249792,
			 "locoColorStatus":"Scheduled",
			 "solrUpdateDate":1444759592767,
			 "expireDays":"5"
		  },
		  {
			 "roadNumber":"105",
			 "workorderId":"2130050",
			 "fleetId":"485",
			 "customerName":"Russell KY CSC",
			 "customerName_Sort":"Russell KY CSC",
			 "serviceOrganizationId":"705",
			 "customerId":"1119",
			 "inshopReasonCode":"FP",
			 "lastUpdateDate":1440063384000,
			 "outOfShopRepairFlag":"Y",
			 "workOrderStatusCode":"100",
			 "locomotiveStatusCode":"ACTIVE",
			 "locomotiveId":"9554",
			 "workorderStatusDesc":"Draft",
			 "timezoneOffset":"0",
			 "workorderNumber":"CSX-105-0174",
			 "fleetName":"CSX6A",
			 "locomotiveModelCode":"AC4400CW",
			 "locomotiveModelCode_sortable":"AC4400CW",
			 "locomotiveModelCode_sortable2":"AC4400CW",
			 "aarRoad":"CSX",
			 "_version_":1514940273890689024,
			 "locoColorStatus":"Scheduled",
			 "solrUpdateDate":1444759630099,
			 "expireDays":"5"
		  },
		  {
			 "direction":"N",
			 "roadNumber":"106",
			 "workorderId":"2030574",
			 "fleetId":"485",
			 "customerName":"Corbin KY CSC",
			 "customerName_Sort":"Corbin KY CSC",
			 "serviceOrganizationId":"445",
			 "customerId":"1119",
			 "inshopReasonCode":"RM",
			 "lastUpdateDate":1431422505000,
			 "cycleTime":"2015-05-12 14:49:00",
			 "outOfShopRepairFlag":"N",
			 "workOrderStatusCode":"300",
			 "locomotiveStatusCode":"ACTIVE",
			 "locomotiveId":"9555",
			 "workorderStatusDesc":"Draft",
			 "timezoneOffset":"0",
			 "workorderNumber":"CSX-106-0191",
			 "fleetName":"CSX6A",
			 "locomotiveModelCode":"AC4400CW",
			 "locomotiveModelCode_sortable":"AC4400CW",
			 "locomotiveModelCode_sortable2":"AC4400CW",
			 "aarRoad":"CSX",
			 "_version_":1500955287548329984,
			 "locoColorStatus":"Scheduled",
			 "solrUpdateDate":1431422507822,
			 "expireDays":"5"
		  },
		  {
			 "roadNumber":"106",
			 "workorderId":"2130049",
			 "fleetId":"485",
			 "customerName":"Russell KY CSC",
			 "customerName_Sort":"Russell KY CSC",
			 "serviceOrganizationId":"705",
			 "customerId":"1119",
			 "inshopReasonCode":"RM",
			 "lastUpdateDate":1440062943000,
			 "outOfShopRepairFlag":"Y",
			 "workOrderStatusCode":"100",
			 "locomotiveStatusCode":"ACTIVE",
			 "locomotiveId":"9555",
			 "workorderStatusDesc":"Draft",
			 "timezoneOffset":"0",
			 "workorderNumber":"CSX-106-0199",
			 "fleetName":"CSX6A",
			 "locomotiveModelCode":"AC4400CW",
			 "locomotiveModelCode_sortable":"AC4400CW",
			 "locomotiveModelCode_sortable2":"AC4400CW",
			 "aarRoad":"CSX",
			 "_version_":1514940273060216832,
			 "locoColorStatus":"Scheduled",
			 "solrUpdateDate":1444759629307,
			 "expireDays":"5"
		  },
		  {
			 "direction":"E",
			 "roadNumber":"107",
			 "workorderId":"2020969",
			 "fleetId":"485",
			 "customerName":"Cumberland MD CSC",
			 "customerName_Sort":"Cumberland MD CSC",
			 "progress":43.32,
			 "serviceOrganizationId":"704",
			 "customerId":"1119",
			 "inshopReasonCode":"HR",
			 "lastUpdateDate":1411865981000,
			 "cycleTime":"2014-09-09 14:05:00",
			 "outOfShopRepairFlag":"N",
			 "workOrderStatusCode":"300",
			 "locomotiveStatusCode":"ACTIVE",
			 "locomotiveId":"9556",
			 "workorderStatusDesc":"Draft",
			 "timezoneOffset":"0",
			 "workorderNumber":"CSX-107-0202",
			 "fleetName":"CSX6A",
			 "locomotiveModelCode":"AC4400CW",
			 "locomotiveModelCode_sortable":"AC4400CW",
			 "locomotiveModelCode_sortable2":"AC4400CW",
			 "aarRoad":"CSX",
			 "_version_":1490282005243363336,
			 "locoColorStatus":"Scheduled",
			 "solrUpdateDate":1421243672610,
			 "expireDays":"5"
		  },
		  {
			 "roadNumber":"107",
			 "workorderId":"2130053",
			 "fleetId":"485",
			 "customerName":"Russell KY CSC",
			 "customerName_Sort":"Russell KY CSC",
			 "serviceOrganizationId":"705",
			 "customerId":"1119",
			 "inshopReasonCode":"FP",
			 "lastUpdateDate":1440064012000,
			 "outOfShopRepairFlag":"Y",
			 "workOrderStatusCode":"100",
			 "locomotiveStatusCode":"ACTIVE",
			 "locomotiveId":"9556",
			 "workorderStatusDesc":"Draft",
			 "timezoneOffset":"0",
			 "workorderNumber":"CSX-107-0212",
			 "fleetName":"CSX6A",
			 "locomotiveModelCode":"AC4400CW",
			 "locomotiveModelCode_sortable":"AC4400CW",
			 "locomotiveModelCode_sortable2":"AC4400CW",
			 "aarRoad":"CSX",
			 "_version_":1514940273557241856,
			 "locoColorStatus":"Scheduled",
			 "solrUpdateDate":1444759629781,
			 "expireDays":"5"
		  },
		  {
			 "direction":"N",
			 "roadNumber":"108",
			 "workorderId":"2030575",
			 "fleetId":"485",
			 "customerName":"Corbin KY CSC",
			 "customerName_Sort":"Corbin KY CSC",
			 "serviceOrganizationId":"445",
			 "customerId":"1119",
			 "inshopReasonCode":"RM",
			 "lastUpdateDate":1431427073000,
			 "cycleTime":"2015-05-12 16:05:00",
			 "outOfShopRepairFlag":"N",
			 "workOrderStatusCode":"300",
			 "locomotiveStatusCode":"ACTIVE",
			 "locomotiveId":"9557",
			 "workorderStatusDesc":"Draft",
			 "timezoneOffset":"0",
			 "workorderNumber":"CSX-108-0190",
			 "fleetName":"CSX6A",
			 "locomotiveModelCode":"AC4400CW",
			 "locomotiveModelCode_sortable":"AC4400CW",
			 "locomotiveModelCode_sortable2":"AC4400CW",
			 "aarRoad":"CSX",
			 "_version_":1500960081355735040,
			 "locoColorStatus":"Scheduled",
			 "solrUpdateDate":1431427079566,
			 "expireDays":"5"
		  },
		  {
			 "direction":"E",
			 "roadNumber":"108",
			 "workorderId":"2129720",
			 "fleetId":"485",
			 "customerName":"Russell KY CSC",
			 "customerName_Sort":"Russell KY CSC",
			 "progress":57.14,
			 "serviceOrganizationId":"705",
			 "customerId":"1119",
			 "inshopReasonCode":"GR",
			 "lastUpdateDate":1432863560000,
			 "cycleTime":"2015-05-28 21:37:00",
			 "outOfShopRepairFlag":"N",
			 "workOrderStatusCode":"300",
			 "locomotiveStatusCode":"ACTIVE",
			 "locomotiveId":"9557",
			 "workorderStatusDesc":"Draft",
			 "timezoneOffset":"0",
			 "workorderNumber":"CSX-108-0198",
			 "fleetName":"CSX6A",
			 "locomotiveModelCode":"AC4400CW",
			 "locomotiveModelCode_sortable":"AC4400CW",
			 "locomotiveModelCode_sortable2":"AC4400CW",
			 "aarRoad":"CSX",
			 "_version_":1514940986052050944,
			 "locoColorStatus":"Scheduled",
			 "solrUpdateDate":1444760309269,
			 "expireDays":"5"
		  },
		  {
			 "direction":"W",
			 "roadNumber":"109",
			 "workorderId":"2028367",
			 "fleetId":"485",
			 "customerName":"Waycross Georgia CSC",
			 "customerName_Sort":"Waycross Georgia CSC",
			 "progress":4.15,
			 "serviceOrganizationId":"115",
			 "customerId":"1119",
			 "inshopReasonCode":"FL",
			 "lastUpdateDate":1411922874000,
			 "cycleTime":"2014-09-25 19:51:00",
			 "badActorFlag":"L3",
			 "outOfShopRepairFlag":"N",
			 "workOrderStatusCode":"300",
			 "locomotiveStatusCode":"ACTIVE",
			 "locomotiveId":"9558",
			 "workorderStatusDesc":"Draft",
			 "timezoneOffset":"0",
			 "workorderNumber":"CSX-109-0202",
			 "fleetName":"CSX6A",
			 "locomotiveModelCode":"AC4400CW",
			 "locomotiveModelCode_sortable":"AC4400CW",
			 "locomotiveModelCode_sortable2":"AC4400CW",
			 "aarRoad":"CSX",
			 "_version_":1490282000256335875,
			 "locoColorStatus":"Scheduled",
			 "solrUpdateDate":1421243667851,
			 "expireDays":"5"
		  },
		  {
			 "roadNumber":"109",
			 "workorderId":"2130043",
			 "fleetId":"485",
			 "customerName":"Russell KY CSC",
			 "customerName_Sort":"Russell KY CSC",
			 "serviceOrganizationId":"705",
			 "customerId":"1119",
			 "inshopReasonCode":"RM",
			 "lastUpdateDate":1440062627000,
			 "outOfShopRepairFlag":"Y",
			 "workOrderStatusCode":"100",
			 "locomotiveStatusCode":"ACTIVE",
			 "locomotiveId":"9558",
			 "workorderStatusDesc":"Draft",
			 "timezoneOffset":"0",
			 "workorderNumber":"CSX-109-0215",
			 "fleetName":"CSX6A",
			 "locomotiveModelCode":"AC4400CW",
			 "locomotiveModelCode_sortable":"AC4400CW",
			 "locomotiveModelCode_sortable2":"AC4400CW",
			 "aarRoad":"CSX",
			 "_version_":1514940272599891968,
			 "locoColorStatus":"Scheduled",
			 "solrUpdateDate":1444759628868,
			 "expireDays":"5"
		  },
		  {
			 "direction":"N",
			 "roadNumber":"11",
			 "workorderId":"2030576",
			 "fleetId":"485",
			 "customerName":"Corbin KY CSC",
			 "customerName_Sort":"Corbin KY CSC",
			 "serviceOrganizationId":"445",
			 "customerId":"1119",
			 "inshopReasonCode":"RM",
			 "lastUpdateDate":1431430846000,
			 "cycleTime":"2015-05-12 17:08:00",
			 "outOfShopRepairFlag":"N",
			 "workOrderStatusCode":"300",
			 "locomotiveStatusCode":"ACTIVE",
			 "locomotiveId":"9460",
			 "workorderStatusDesc":"Draft",
			 "timezoneOffset":"0",
			 "workorderNumber":"CSX-11-0200",
			 "fleetName":"CSX6A",
			 "locomotiveModelCode":"AC4400CW",
			 "locomotiveModelCode_sortable":"AC4400CW",
			 "locomotiveModelCode_sortable2":"AC4400CW",
			 "aarRoad":"CSX",
			 "_version_":1500964036589649920,
			 "locoColorStatus":"Scheduled",
			 "solrUpdateDate":1431430851563,
			 "expireDays":"5"
		  },
		  {
			 "direction":"N",
			 "roadNumber":"110",
			 "workorderId":"2030577",
			 "fleetId":"485",
			 "customerName":"Corbin KY CSC",
			 "customerName_Sort":"Corbin KY CSC",
			 "serviceOrganizationId":"445",
			 "customerId":"1119",
			 "inshopReasonCode":"RM",
			 "lastUpdateDate":1431431196000,
			 "cycleTime":"2015-05-12 17:14:00",
			 "outOfShopRepairFlag":"N",
			 "workOrderStatusCode":"300",
			 "locomotiveStatusCode":"ACTIVE",
			 "locomotiveId":"9559",
			 "workorderStatusDesc":"Draft",
			 "timezoneOffset":"0",
			 "workorderNumber":"CSX-110-0174",
			 "fleetName":"CSX6A",
			 "locomotiveModelCode":"AC4400CW",
			 "locomotiveModelCode_sortable":"AC4400CW",
			 "locomotiveModelCode_sortable2":"AC4400CW",
			 "aarRoad":"CSX",
			 "_version_":1500964405573058560,
			 "locoColorStatus":"Scheduled",
			 "solrUpdateDate":1431431203450,
			 "expireDays":"5"
		  },
		  {
			 "roadNumber":"110",
			 "workorderId":"2130052",
			 "fleetId":"485",
			 "customerName":"Russell KY CSC",
			 "customerName_Sort":"Russell KY CSC",
			 "serviceOrganizationId":"705",
			 "customerId":"1119",
			 "inshopReasonCode":"FP",
			 "lastUpdateDate":1440063923000,
			 "outOfShopRepairFlag":"Y",
			 "workOrderStatusCode":"100",
			 "locomotiveStatusCode":"ACTIVE",
			 "locomotiveId":"9559",
			 "workorderStatusDesc":"Draft",
			 "timezoneOffset":"0",
			 "workorderNumber":"CSX-110-0177",
			 "fleetName":"CSX6A",
			 "locomotiveModelCode":"AC4400CW",
			 "locomotiveModelCode_sortable":"AC4400CW",
			 "locomotiveModelCode_sortable2":"AC4400CW",
			 "aarRoad":"CSX",
			 "_version_":1514940273442947072,
			 "locoColorStatus":"Scheduled",
			 "solrUpdateDate":1444759629672,
			 "expireDays":"5"
		  },
		  {
			 "roadNumber":"1101",
			 "workorderId":"2029759",
			 "fleetId":"851",
			 "customerName":"Waycross Georgia CSC",
			 "customerName_Sort":"Waycross Georgia CSC",
			 "serviceOrganizationId":"115",
			 "customerId":"1119",
			 "inshopReasonCode":"FL",
			 "lastUpdateDate":1421265053000,
			 "badActorFlag":"L3",
			 "outOfShopRepairFlag":"N",
			 "workOrderStatusCode":"100",
			 "locomotiveStatusCode":"ACTIVE",
			 "locomotiveId":"254559",
			 "workorderStatusDesc":"Draft",
			 "timezoneOffset":"0",
			 "workorderNumber":"CSX-1101-0001",
			 "fleetName":"EMDCSX",
			 "locomotiveModelCode":"SW1500",
			 "locomotiveModelCode_sortable":"SW1500",
			 "locomotiveModelCode_sortable2":"SW1500",
			 "aarRoad":"CSX",
			 "_version_":1490304452492525568,
			 "locoColorStatus":"Scheduled",
			 "solrUpdateDate":1421265079972,
			 "expireDays":"5"
		  },
		  {
			 "direction":"E",
			 "roadNumber":"1105",
			 "workorderId":"2029777",
			 "fleetId":"851",
			 "customerName":"Waycross Georgia CSC",
			 "customerName_Sort":"Waycross Georgia CSC",
			 "serviceOrganizationId":"115",
			 "customerId":"1119",
			 "inshopReasonCode":"FL",
			 "lastUpdateDate":1421954820000,
			 "cycleTime":"2015-01-22 13:26:00",
			 "badActorFlag":"L3",
			 "outOfShopRepairFlag":"N",
			 "workOrderStatusCode":"300",
			 "locomotiveStatusCode":"ACTIVE",
			 "locomotiveId":"254555",
			 "workorderStatusDesc":"Draft",
			 "timezoneOffset":"0",
			 "workorderNumber":"CSX-1105-0001",
			 "fleetName":"EMDCSX",
			 "locomotiveModelCode":"SW1500",
			 "locomotiveModelCode_sortable":"SW1500",
			 "locomotiveModelCode_sortable2":"SW1500",
			 "aarRoad":"CSX",
			 "_version_":1491027706765115392,
			 "locoColorStatus":"Scheduled",
			 "solrUpdateDate":1421954828992,
			 "expireDays":"5"
		  },
		  {
			 "direction":"W",
			 "roadNumber":"1106",
			 "workorderId":"2029760",
			 "fleetId":"851",
			 "customerName":"Waycross Georgia CSC",
			 "customerName_Sort":"Waycross Georgia CSC",
			 "serviceOrganizationId":"115",
			 "customerId":"1119",
			 "inshopReasonCode":"CR",
			 "lastUpdateDate":1421748515000,
			 "cycleTime":"2015-01-20 15:10:00",
			 "outOfShopRepairFlag":"N",
			 "workOrderStatusCode":"675",
			 "locomotiveStatusCode":"ACTIVE",
			 "locomotiveId":"254554",
			 "workorderStatusDesc":"Draft",
			 "timezoneOffset":"0",
			 "workorderNumber":"CSX-1106-0001",
			 "fleetName":"EMDCSX",
			 "locomotiveModelCode":"SW1500",
			 "locomotiveModelCode_sortable":"SW1500",
			 "locomotiveModelCode_sortable2":"SW1500",
			 "aarRoad":"CSX",
			 "_version_":1491026554675789824,
			 "locoColorStatus":"Scheduled",
			 "solrUpdateDate":1421953730274,
			 "expireDays":"5"
		  },
		  {
			 "roadNumber":"1109",
			 "workorderId":"2129936",
			 "fleetId":"851",
			 "customerName":"Avon IN CSC",
			 "customerName_Sort":"Avon IN CSC",
			 "serviceOrganizationId":"2229",
			 "customerId":"1119",
			 "inshopReasonCode":"FL",
			 "lastUpdateDate":1442242433000,
			 "badActorFlag":"L3",
			 "outOfShopRepairFlag":"N",
			 "workOrderStatusCode":"200",
			 "locomotiveStatusCode":"ACTIVE",
			 "locomotiveId":"254551",
			 "workorderStatusDesc":"Arrived",
			 "timezoneOffset":"0",
			 "workorderNumber":"CSX-1109-0001",
			 "fleetName":"EMDCSX",
			 "locomotiveModelCode":"SW1500",
			 "locomotiveModelCode_sortable":"SW1500",
			 "locomotiveModelCode_sortable2":"SW1500",
			 "aarRoad":"CSX",
			 "_version_":1514941058778136576,
			 "locoColorStatus":"Scheduled",
			 "solrUpdateDate":1444760378626,
			 "expireDays":"5"
		  },
		  {
			 "direction":"N",
			 "roadNumber":"111",
			 "workorderId":"2030631",
			 "fleetId":"485",
			 "customerName":"Corbin KY CSC",
			 "customerName_Sort":"Corbin KY CSC",
			 "serviceOrganizationId":"445",
			 "customerId":"1119",
			 "inshopReasonCode":"RM",
			 "lastUpdateDate":1431578301000,
			 "cycleTime":"2015-05-14 10:07:00",
			 "outOfShopRepairFlag":"N",
			 "workOrderStatusCode":"300",
			 "locomotiveStatusCode":"ACTIVE",
			 "locomotiveId":"9560",
			 "workorderStatusDesc":"Draft",
			 "timezoneOffset":"0",
			 "workorderNumber":"CSX-111-0212",
			 "fleetName":"CSX6A",
			 "locomotiveModelCode":"AC4400CW",
			 "locomotiveModelCode_sortable":"AC4400CW",
			 "locomotiveModelCode_sortable2":"AC4400CW",
			 "aarRoad":"CSX",
			 "_version_":1501118659308814336,
			 "locoColorStatus":"Scheduled",
			 "solrUpdateDate":1431578311272,
			 "expireDays":"5"
		  },
		  {
			 "direction":"N",
			 "roadNumber":"113",
			 "workorderId":"2030633",
			 "fleetId":"485",
			 "customerName":"Corbin KY CSC",
			 "customerName_Sort":"Corbin KY CSC",
			 "serviceOrganizationId":"445",
			 "customerId":"1119",
			 "inshopReasonCode":"RM",
			 "lastUpdateDate":1431598267000,
			 "cycleTime":"2015-05-14 15:40:00",
			 "outOfShopRepairFlag":"N",
			 "workOrderStatusCode":"300",
			 "locomotiveStatusCode":"ACTIVE",
			 "locomotiveId":"9562",
			 "workorderStatusDesc":"Draft",
			 "timezoneOffset":"0",
			 "workorderNumber":"CSX-113-0186",
			 "fleetName":"CSX6A",
			 "locomotiveModelCode":"AC4400CW",
			 "locomotiveModelCode_sortable":"AC4400CW",
			 "locomotiveModelCode_sortable2":"AC4400CW",
			 "aarRoad":"CSX",
			 "_version_":1501139592926986240,
			 "locoColorStatus":"Scheduled",
			 "solrUpdateDate":1431598275124,
			 "expireDays":"5"
		  },
		  {
			 "direction":"N",
			 "roadNumber":"114",
			 "workorderId":"2030666",
			 "fleetId":"485",
			 "customerName":"Corbin KY CSC",
			 "customerName_Sort":"Corbin KY CSC",
			 "serviceOrganizationId":"445",
			 "customerId":"1119",
			 "inshopReasonCode":"RM",
			 "lastUpdateDate":1432033423000,
			 "cycleTime":"2015-05-19 16:32:00",
			 "outOfShopRepairFlag":"N",
			 "workOrderStatusCode":"300",
			 "locomotiveStatusCode":"ACTIVE",
			 "locomotiveId":"9563",
			 "workorderStatusDesc":"Draft",
			 "timezoneOffset":"0",
			 "workorderNumber":"CSX-114-0208",
			 "fleetName":"CSX6A",
			 "locomotiveModelCode":"AC4400CW",
			 "locomotiveModelCode_sortable":"AC4400CW",
			 "locomotiveModelCode_sortable2":"AC4400CW",
			 "aarRoad":"CSX",
			 "_version_":1501595890773655552,
			 "locoColorStatus":"Scheduled",
			 "solrUpdateDate":1432033434661,
			 "expireDays":"5"
		  },
		  {
			 "direction":"E",
			 "roadNumber":"114",
			 "workorderId":"2129602",
			 "fleetId":"485",
			 "customerName":"Avon IN CSC",
			 "customerName_Sort":"Avon IN CSC",
			 "progress":0.0,
			 "serviceOrganizationId":"2229",
			 "customerId":"1119",
			 "inshopReasonCode":"FL",
			 "lastUpdateDate":1434359792000,
			 "cycleTime":"2015-05-28 13:41:00",
			 "badActorFlag":"L3",
			 "outOfShopRepairFlag":"N",
			 "workOrderStatusCode":"300",
			 "locomotiveStatusCode":"ACTIVE",
			 "locomotiveId":"9563",
			 "workorderStatusDesc":"Draft",
			 "timezoneOffset":"0",
			 "workorderNumber":"CSX-114-0219",
			 "fleetName":"CSX6A",
			 "locomotiveModelCode":"AC4400CW",
			 "locomotiveModelCode_sortable":"AC4400CW",
			 "locomotiveModelCode_sortable2":"AC4400CW",
			 "aarRoad":"CSX",
			 "_version_":1514941033008332800,
			 "locoColorStatus":"Scheduled",
			 "solrUpdateDate":1444760354050,
			 "expireDays":"5"
		  },
		  {
			 "direction":"N",
			 "roadNumber":"115",
			 "workorderId":"2030734",
			 "fleetId":"485",
			 "customerName":"Corbin KY CSC",
			 "customerName_Sort":"Corbin KY CSC",
			 "serviceOrganizationId":"445",
			 "customerId":"1119",
			 "inshopReasonCode":"RM",
			 "lastUpdateDate":1432208063000,
			 "cycleTime":"2015-05-21 17:04:00",
			 "outOfShopRepairFlag":"N",
			 "workOrderStatusCode":"300",
			 "locomotiveStatusCode":"ACTIVE",
			 "locomotiveId":"9564",
			 "workorderStatusDesc":"Draft",
			 "timezoneOffset":"0",
			 "workorderNumber":"CSX-115-0190",
			 "fleetName":"CSX6A",
			 "locomotiveModelCode":"AC4400CW",
			 "locomotiveModelCode_sortable":"AC4400CW",
			 "locomotiveModelCode_sortable2":"AC4400CW",
			 "aarRoad":"CSX",
			 "_version_":1501779010560983040,
			 "locoColorStatus":"Scheduled",
			 "solrUpdateDate":1432208071300,
			 "expireDays":"5"
		  },
		  {
			 "direction":"W",
			 "roadNumber":"115",
			 "workorderId":"2120721",
			 "fleetId":"485",
			 "customerName":"Cumberland MD CSC",
			 "customerName_Sort":"Cumberland MD CSC",
			 "progress":0.0,
			 "serviceOrganizationId":"704",
			 "customerId":"1119",
			 "inshopReasonCode":"HR",
			 "lastUpdateDate":1435216594000,
			 "cycleTime":"2015-05-06 06:36:00",
			 "badActorFlag":"L3",
			 "outOfShopRepairFlag":"N",
			 "workOrderStatusCode":"575",
			 "locomotiveStatusCode":"ACTIVE",
			 "locomotiveId":"9564",
			 "workorderStatusDesc":"Wash",
			 "timezoneOffset":"0",
			 "workorderNumber":"CSX-115-0197",
			 "fleetName":"CSX6A",
			 "locomotiveModelCode":"AC4400CW",
			 "locomotiveModelCode_sortable":"AC4400CW",
			 "locomotiveModelCode_sortable2":"AC4400CW",
			 "aarRoad":"CSX",
			 "_version_":1514940689248419840,
			 "locoColorStatus":"Scheduled",
			 "solrUpdateDate":1444760026215,
			 "expireDays":"5"
		  },
		  {
			 "direction":"N",
			 "roadNumber":"116",
			 "workorderId":"2030737",
			 "fleetId":"497",
			 "customerName":"Corbin KY CSC",
			 "customerName_Sort":"Corbin KY CSC",
			 "serviceOrganizationId":"445",
			 "customerId":"1119",
			 "inshopReasonCode":"RM",
			 "lastUpdateDate":1432217596000,
			 "cycleTime":"2015-05-21 19:43:00",
			 "outOfShopRepairFlag":"N",
			 "workOrderStatusCode":"300",
			 "locomotiveStatusCode":"ACTIVE",
			 "locomotiveId":"9565",
			 "workorderStatusDesc":"Draft",
			 "timezoneOffset":"0",
			 "workorderNumber":"CSX-116-0186",
			 "fleetName":"CSX6B",
			 "locomotiveModelCode":"AC4400CW",
			 "locomotiveModelCode_sortable":"AC4400CW",
			 "locomotiveModelCode_sortable2":"AC4400CW",
			 "aarRoad":"CSX",
			 "_version_":1501789005746798592,
			 "locoColorStatus":"Scheduled",
			 "solrUpdateDate":1432217603457,
			 "expireDays":"5"
		  },
		  {
			 "direction":"N",
			 "roadNumber":"117",
			 "workorderId":"2030836",
			 "fleetId":"497",
			 "customerName":"Corbin KY CSC",
			 "customerName_Sort":"Corbin KY CSC",
			 "serviceOrganizationId":"445",
			 "customerId":"1119",
			 "inshopReasonCode":"RM",
			 "lastUpdateDate":1432559262000,
			 "cycleTime":"2015-05-25 18:37:00",
			 "outOfShopRepairFlag":"N",
			 "workOrderStatusCode":"300",
			 "locomotiveStatusCode":"ACTIVE",
			 "locomotiveId":"9566",
			 "workorderStatusDesc":"Draft",
			 "timezoneOffset":"0",
			 "workorderNumber":"CSX-117-0187",
			 "fleetName":"CSX6B",
			 "locomotiveModelCode":"AC4400CW",
			 "locomotiveModelCode_sortable":"AC4400CW",
			 "locomotiveModelCode_sortable2":"AC4400CW",
			 "aarRoad":"CSX",
			 "_version_":1502147269750685696,
			 "locoColorStatus":"Scheduled",
			 "solrUpdateDate":1432559270641,
			 "expireDays":"5"
		  },
		  {
			 "roadNumber":"119",
			 "workorderId":"2127887",
			 "fleetId":"497",
			 "customerName":"Corbin KY CSC",
			 "customerName_Sort":"Corbin KY CSC",
			 "progress":0.0,
			 "serviceOrganizationId":"445",
			 "customerId":"1119",
			 "inshopReasonCode":"GR",
			 "lastUpdateDate":1432453724000,
			 "outOfShopRepairFlag":"N",
			 "workOrderStatusCode":"100",
			 "locomotiveStatusCode":"ACTIVE",
			 "locomotiveId":"9568",
			 "workorderStatusDesc":"Draft",
			 "timezoneOffset":"0",
			 "workorderNumber":"CSX-119-0199",
			 "fleetName":"CSX6B",
			 "locomotiveModelCode":"AC4400CW",
			 "locomotiveModelCode_sortable":"AC4400CW",
			 "locomotiveModelCode_sortable2":"AC4400CW",
			 "aarRoad":"CSX",
			 "_version_":1514940642448375808,
			 "locoColorStatus":"Scheduled",
			 "solrUpdateDate":1444759981583,
			 "expireDays":"5"
		  },
		  {
			 "direction":"E",
			 "roadNumber":"125",
			 "workorderId":"2130071",
			 "fleetId":"497",
			 "customerName":"Cumberland MD CSC",
			 "customerName_Sort":"Cumberland MD CSC",
			 "serviceOrganizationId":"704",
			 "customerId":"1119",
			 "inshopReasonCode":"CR",
			 "lastUpdateDate":1442586324000,
			 "cycleTime":"2015-09-15 12:26:00",
			 "outOfShopRepairFlag":"N",
			 "workOrderStatusCode":"360",
			 "locomotiveStatusCode":"ACTIVE",
			 "locomotiveId":"9574",
			 "workorderStatusDesc":"Set Over",
			 "timezoneOffset":"0",
			 "workorderNumber":"CSX-125-0206",
			 "fleetName":"CSX6B",
			 "locomotiveModelCode":"AC4400CW",
			 "locomotiveModelCode_sortable":"AC4400CW",
			 "locomotiveModelCode_sortable2":"AC4400CW",
			 "aarRoad":"CSX",
			 "_version_":1514940269995229184,
			 "locoColorStatus":"Scheduled",
			 "solrUpdateDate":1444759626384,
			 "expireDays":"5"
		  },
		  {
			 "direction":"E",
			 "roadNumber":"128",
			 "workorderId":"2025642",
			 "fleetId":"497",
			 "customerName":"Selkirk NY CSC",
			 "customerName_Sort":"Selkirk NY CSC",
			 "progress":0.0,
			 "serviceOrganizationId":"444",
			 "customerId":"1119",
			 "inshopReasonCode":"FL",
			 "lastUpdateDate":1411945928000,
			 "cycleTime":"2014-09-20 01:51:00",
			 "badActorFlag":"L3",
			 "outOfShopRepairFlag":"N",
			 "workOrderStatusCode":"300",
			 "locomotiveStatusCode":"ACTIVE",
			 "locomotiveId":"9577",
			 "workorderStatusDesc":"Draft",
			 "timezoneOffset":"0",
			 "workorderNumber":"CSX-128-0187",
			 "fleetName":"CSX6B",
			 "locomotiveModelCode":"AC4400CW",
			 "locomotiveModelCode_sortable":"AC4400CW",
			 "locomotiveModelCode_sortable2":"AC4400CW",
			 "aarRoad":"CSX",
			 "_version_":1490282003081199622,
			 "locoColorStatus":"Scheduled",
			 "solrUpdateDate":1421243670546,
			 "expireDays":"5"
		  },
		  {
			 "direction":"W",
			 "roadNumber":"132",
			 "workorderId":"2128410",
			 "fleetId":"497",
			 "customerName":"Waycross Georgia CSC",
			 "customerName_Sort":"Waycross Georgia CSC",
			 "progress":18.91,
			 "serviceOrganizationId":"115",
			 "customerId":"1119",
			 "inshopReasonCode":"GR",
			 "lastUpdateDate":1432889605000,
			 "cycleTime":"2015-05-25 20:11:00",
			 "outOfShopRepairFlag":"N",
			 "workOrderStatusCode":"300",
			 "locomotiveStatusCode":"ACTIVE",
			 "locomotiveId":"9581",
			 "workorderStatusDesc":"Draft",
			 "timezoneOffset":"0",
			 "workorderNumber":"CSX-132-0192",
			 "fleetName":"CSX6B",
			 "locomotiveModelCode":"AC4400CW",
			 "locomotiveModelCode_sortable":"AC4400CW",
			 "locomotiveModelCode_sortable2":"AC4400CW",
			 "aarRoad":"CSX",
			 "_version_":1514941391111716864,
			 "locoColorStatus":"Scheduled",
			 "solrUpdateDate":1444760695564,
			 "expireDays":"5"
		  },
		  {
			 "direction":"E",
			 "roadNumber":"133",
			 "workorderId":"2130054",
			 "fleetId":"497",
			 "customerName":"Waycross Georgia CSC",
			 "customerName_Sort":"Waycross Georgia CSC",
			 "serviceOrganizationId":"115",
			 "customerId":"1119",
			 "inshopReasonCode":"GR",
			 "lastUpdateDate":1440065358000,
			 "cycleTime":"2015-08-20 06:08:00",
			 "outOfShopRepairFlag":"N",
			 "workOrderStatusCode":"300",
			 "locomotiveStatusCode":"ACTIVE",
			 "locomotiveId":"9582",
			 "workorderStatusDesc":"Draft",
			 "timezoneOffset":"0",
			 "workorderNumber":"CSX-133-0175",
			 "fleetName":"CSX6B",
			 "locomotiveModelCode":"AC4400CW",
			 "locomotiveModelCode_sortable":"AC4400CW",
			 "locomotiveModelCode_sortable2":"AC4400CW",
			 "aarRoad":"CSX",
			 "_version_":1514940273526833152,
			 "locoColorStatus":"Scheduled",
			 "solrUpdateDate":1444759629753,
			 "expireDays":"5"
		  },
		  {
			 "roadNumber":"135",
			 "workorderId":"2026768",
			 "fleetId":"497",
			 "customerName":"Cumberland MD CSC",
			 "customerName_Sort":"Cumberland MD CSC",
			 "progress":0.0,
			 "serviceOrganizationId":"704",
			 "customerId":"1119",
			 "inshopReasonCode":"RP",
			 "lastUpdateDate":1411415791000,
			 "outOfShopRepairFlag":"Y",
			 "workOrderStatusCode":"100",
			 "locomotiveStatusCode":"ACTIVE",
			 "locomotiveId":"9584",
			 "workorderStatusDesc":"Draft",
			 "timezoneOffset":"0",
			 "workorderNumber":"CSX-135-0179",
			 "fleetName":"CSX6B",
			 "locomotiveModelCode":"AC4400CW",
			 "locomotiveModelCode_sortable":"AC4400CW",
			 "locomotiveModelCode_sortable2":"AC4400CW",
			 "aarRoad":"CSX",
			 "_version_":1490282001050107910,
			 "locoColorStatus":"Scheduled",
			 "solrUpdateDate":1421243668617,
			 "expireDays":"5"
		  },
		  {
			 "direction":"N",
			 "roadNumber":"138",
			 "workorderId":"2029374",
			 "fleetId":"497",
			 "customerName":"Nashville CSX CSC",
			 "customerName_Sort":"Nashville CSX CSC",
			 "progress":0.0,
			 "serviceOrganizationId":"1289",
			 "customerId":"1119",
			 "inshopReasonCode":"GR",
			 "lastUpdateDate":1411908746000,
			 "cycleTime":"2014-09-28 05:52:00",
			 "outOfShopRepairFlag":"N",
			 "workOrderStatusCode":"300",
			 "locomotiveStatusCode":"ACTIVE",
			 "locomotiveId":"9587",
			 "workorderStatusDesc":"Draft",
			 "timezoneOffset":"0",
			 "workorderNumber":"CSX-138-0205",
			 "fleetName":"CSX6B",
			 "locomotiveModelCode":"AC4400CW",
			 "locomotiveModelCode_sortable":"AC4400CW",
			 "locomotiveModelCode_sortable2":"AC4400CW",
			 "aarRoad":"abc",
			 "_version_":1490281995492655106,
			 "locoColorStatus":"Scheduled",
			 "solrUpdateDate":1421243663311,
			 "expireDays":"5"
		  },
		  {
			 "direction":"E",
			 "roadNumber":"1520",
			 "workorderId":"2130062",
			 "fleetId":"851",
			 "customerName":"Cumberland MD CSC",
			 "customerName_Sort":"Cumberland MD CSC",
			 "serviceOrganizationId":"704",
			 "customerId":"1119",
			 "inshopReasonCode":"GR",
			 "lastUpdateDate":1441962834000,
			 "cycleTime":"2015-09-11 14:43:00",
			 "outOfShopRepairFlag":"N",
			 "workOrderStatusCode":"300",
			 "locomotiveStatusCode":"ACTIVE",
			 "locomotiveId":"150251",
			 "workorderStatusDesc":"Draft",
			 "timezoneOffset":"0",
			 "workorderNumber":"CSX-1520-0002",
			 "fleetName":"EMDCSX",
			 "locomotiveModelCode":"GP15",
			 "locomotiveModelCode_sortable":"GP15",
			 "locomotiveModelCode_sortable2":"GP15",
			 "aarRoad":"CSX",
			 "_version_":1514940268168609792,
			 "locoColorStatus":"Scheduled",
			 "solrUpdateDate":1444759624642,
			 "expireDays":"5"
		  },
		  {
			 "direction":"W",
			 "roadNumber":"155",
			 "workorderId":"2128383",
			 "fleetId":"497",
			 "customerName":"Waycross Georgia CSC",
			 "customerName_Sort":"Waycross Georgia CSC",
			 "progress":76.24,
			 "serviceOrganizationId":"115",
			 "customerId":"1119",
			 "inshopReasonCode":"CR",
			 "lastUpdateDate":1432893383000,
			 "cycleTime":"2015-05-25 15:54:00",
			 "outOfShopRepairFlag":"N",
			 "workOrderStatusCode":"300",
			 "locomotiveStatusCode":"ACTIVE",
			 "locomotiveId":"9604",
			 "workorderStatusDesc":"Draft",
			 "timezoneOffset":"0",
			 "workorderNumber":"CSX-155-0187",
			 "fleetName":"CSX6B",
			 "locomotiveModelCode":"AC4400CW",
			 "locomotiveModelCode_sortable":"AC4400CW",
			 "locomotiveModelCode_sortable2":"AC4400CW",
			 "aarRoad":"CSX",
			 "_version_":1514941375267733504,
			 "locoColorStatus":"Scheduled",
			 "solrUpdateDate":1444760680454,
			 "expireDays":"5"
		  },
		  {
			 "direction":"E",
			 "roadNumber":"156",
			 "workorderId":"2034339",
			 "fleetId":"497",
			 "customerName":"Waycross Draft CSC",
			 "customerName_Sort":"Waycross Draft CSC",
			 "progress":0.0,
			 "serviceOrganizationId":"935",
			 "customerId":"1119",
			 "inshopReasonCode":"HR",
			 "lastUpdateDate":1440059905000,
			 "cycleTime":"2015-08-20 04:37:00",
			 "outOfShopRepairFlag":"N",
			 "workOrderStatusCode":"300",
			 "locomotiveStatusCode":"ACTIVE",
			 "locomotiveId":"9605",
			 "workorderStatusDesc":"Draft",
			 "timezoneOffset":"0",
			 "workorderNumber":"CSX-156-0179",
			 "fleetName":"CSX6B",
			 "locomotiveModelCode":"AC4400CW",
			 "locomotiveModelCode_sortable":"AC4400CW",
			 "locomotiveModelCode_sortable2":"AC4400CW",
			 "aarRoad":"CSX",
			 "_version_":1514941189822873600,
			 "locoColorStatus":"Scheduled",
			 "solrUpdateDate":1444760503600,
			 "expireDays":"5"
		  },
		  {
			 "direction":"W",
			 "roadNumber":"157",
			 "workorderId":"2029480",
			 "fleetId":"497",
			 "customerName":"Waycross Draft CSC",
			 "customerName_Sort":"Waycross Draft CSC",
			 "progress":0.0,
			 "serviceOrganizationId":"935",
			 "customerId":"1119",
			 "inshopReasonCode":"OH",
			 "lastUpdateDate":1411928141000,
			 "cycleTime":"2014-09-28 14:10:00",
			 "outOfShopRepairFlag":"N",
			 "workOrderStatusCode":"300",
			 "locomotiveStatusCode":"ACTIVE",
			 "locomotiveId":"9606",
			 "workorderStatusDesc":"Draft",
			 "timezoneOffset":"0",
			 "workorderNumber":"CSX-157-0189",
			 "fleetName":"CSX6B",
			 "locomotiveModelCode":"AC4400CW",
			 "locomotiveModelCode_sortable":"AC4400CW",
			 "locomotiveModelCode_sortable2":"AC4400CW",
			 "aarRoad":"CSX",
			 "_version_":1490282001515675656,
			 "locoColorStatus":"Scheduled",
			 "solrUpdateDate":1421243669061,
			 "expireDays":"5"
		  },
		  {
			 "direction":"E",
			 "roadNumber":"158",
			 "workorderId":"2127963",
			 "fleetId":"497",
			 "customerName":"Avon IN CSC",
			 "customerName_Sort":"Avon IN CSC",
			 "progress":0.0,
			 "serviceOrganizationId":"2229",
			 "customerId":"1119",
			 "inshopReasonCode":"GR",
			 "lastUpdateDate":1437989317000,
			 "cycleTime":"2015-05-24 08:43:00",
			 "outOfShopRepairFlag":"N",
			 "workOrderStatusCode":"300",
			 "locomotiveStatusCode":"ACTIVE",
			 "locomotiveId":"9607",
			 "workorderStatusDesc":"Draft",
			 "timezoneOffset":"0",
			 "workorderNumber":"CSX-158-0195",
			 "fleetName":"CSX6B",
			 "locomotiveModelCode":"AC4400CW",
			 "locomotiveModelCode_sortable":"AC4400CW",
			 "locomotiveModelCode_sortable2":"AC4400CW",
			 "aarRoad":"CSX",
			 "_version_":1514940674508587008,
			 "locoColorStatus":"Scheduled",
			 "solrUpdateDate":1444760012158,
			 "expireDays":"5"
		  },
		  {
			 "direction":"E",
			 "roadNumber":"159",
			 "workorderId":"2127962",
			 "fleetId":"497",
			 "customerName":"Avon IN CSC",
			 "customerName_Sort":"Avon IN CSC",
			 "progress":79.1,
			 "serviceOrganizationId":"2229",
			 "customerId":"1119",
			 "inshopReasonCode":"GR",
			 "lastUpdateDate":1435049498000,
			 "cycleTime":"2015-06-09 15:24:00",
			 "outOfShopRepairFlag":"N",
			 "workOrderStatusCode":"300",
			 "locomotiveStatusCode":"ACTIVE",
			 "locomotiveId":"9608",
			 "workorderStatusDesc":"Draft",
			 "timezoneOffset":"0",
			 "workorderNumber":"CSX-159-0191",
			 "fleetName":"CSX6B",
			 "locomotiveModelCode":"AC4400CW",
			 "locomotiveModelCode_sortable":"AC4400CW",
			 "locomotiveModelCode_sortable2":"AC4400CW",
			 "aarRoad":"CSX",
			 "_version_":1514940674792751104,
			 "locoColorStatus":"Scheduled",
			 "solrUpdateDate":1444760012429,
			 "expireDays":"5"
		  },
		  {
			 "direction":"E",
			 "roadNumber":"160",
			 "workorderId":"2130001",
			 "fleetId":"497",
			 "customerName":"Cumberland MD CSC",
			 "customerName_Sort":"Cumberland MD CSC",
			 "serviceOrganizationId":"704",
			 "customerId":"1119",
			 "inshopReasonCode":"GR",
			 "lastUpdateDate":1437762207000,
			 "cycleTime":"2015-07-21 12:24:00",
			 "outOfShopRepairFlag":"N",
			 "workOrderStatusCode":"300",
			 "locomotiveStatusCode":"ACTIVE",
			 "locomotiveId":"9609",
			 "workorderStatusDesc":"Draft",
			 "timezoneOffset":"0",
			 "workorderNumber":"CSX-160-0214",
			 "fleetName":"CSX6B",
			 "locomotiveModelCode":"AC4400CW",
			 "locomotiveModelCode_sortable":"AC4400CW",
			 "locomotiveModelCode_sortable2":"AC4400CW",
			 "aarRoad":"CSX",
			 "_version_":1514940234406559744,
			 "locoColorStatus":"Scheduled",
			 "solrUpdateDate":1444759592444,
			 "expireDays":"5"
		  },
		  {
			 "direction":"W",
			 "roadNumber":"161",
			 "workorderId":"2128977",
			 "fleetId":"497",
			 "customerName":"Cumberland MD CSC",
			 "customerName_Sort":"Cumberland MD CSC",
			 "progress":45.38,
			 "serviceOrganizationId":"704",
			 "customerId":"1119",
			 "inshopReasonCode":"GR",
			 "lastUpdateDate":1439806174000,
			 "cycleTime":"2015-05-27 04:24:00",
			 "outOfShopRepairFlag":"N",
			 "workOrderStatusCode":"675",
			 "locomotiveStatusCode":"ACTIVE",
			 "locomotiveId":"9610",
			 "workorderStatusDesc":"Draft",
			 "timezoneOffset":"0",
			 "workorderNumber":"CSX-161-0204",
			 "fleetName":"CSX6B",
			 "locomotiveModelCode":"AC4400CW",
			 "locomotiveModelCode_sortable":"AC4400CW",
			 "locomotiveModelCode_sortable2":"AC4400CW",
			 "aarRoad":"CSX",
			 "_version_":1514941575639072768,
			 "locoColorStatus":"Scheduled",
			 "solrUpdateDate":1444760871543,
			 "expireDays":"5"
		  }
	   ]
	}
}