{	
	"reasonCode":{
			"customerId": "1",
			"listOfOptions":[
				{
					"id": 1,
					"code": "FR"
				},
				{
					"id": 2,
					"code": "CR"
				},
				{
					"id": 3,
					"code": "CR"
				},
				{
					"id": 2,
					"code": "FL"
				},
				{
					"id": 4,
					"code": "FL_FP"
				},
				{
					"id": 5,
					"code": "FM"
				},
				{
					"id": 6,
					"code": "FP"
				},
				{
					"id": 7,
					"code": "GR"
				},
				{
					"id": 8,
					"code": "HM"
				},
				{
					"id": 9,
					"code": "OH"
				},
				{
					"id": 10,
					"code": "QM"
				},
				{
					"id": 11,
					"code": "RM"
				},
				{
					"id": 12,
					"code": "RP"
				},
				{
					"id": 13,
					"code": "ST"
				},
				{
					"id": 14,
					"code": "WT"
				}
			]
	}
}