{
	"servicesheet":
	[
		{
			"servicesheetName" : "CO:Power Assembly (Art)",
			"servicesheetId" : "1",
			"description": "Power Assembly Art. All positions are due.",
			"lastPerformedDate": "",
			"numberOfTaskInQP": "",
			"numberOfTaskPerformed": ""
		},
		{
			"servicesheetName" : "CO:Power Assembly (Crosshead)",
			"servicesheetId" : "2",
			"description": "Power Assembly Crosshead CO",
			"lastPerformedDate": "05/19/11",
			"numberOfTaskInQP": "",
			"numberOfTaskPerformed": ""
		},
		{
			"servicesheetName" : "CO:Power Assembly (Jacket)",
			"servicesheetId" : "3",
			"description": "Power Assembly Jacket Change Out",
			"lastPerformedDate": "05/19/11",
			"numberOfTaskInQP": "",
			"numberOfTaskPerformed": ""
		},
		{
			"servicesheetName" : "CO:Power Assembly (Master)",
			"servicesheetId" : "4",
			"description": "Power Assembly Master. All positions are due",
			"lastPerformedDate": "",
			"numberOfTaskInQP": "",
			"numberOfTaskPerformed": ""
		},
		{
			"servicesheetName" : "CO:Power Assembly (Secondary)",
			"servicesheetId" : "5",
			"description": "Power Assembly Secondary. All positions are due.",
			"lastPerformedDate": "05/19/11",
			"numberOfTaskInQP": "",
			"numberOfTaskPerformed": ""
		}
	]
}