{
  "serviceSheets": [
    {
      "serviceTypeCode": "SP",
      "workorderStatus": "300",
      "serviceSheetStatusCode": "300",
      "statusDesc": "Open",
      "programName": "Local SP-35-052013",
      "serviceSheetComments": "Program to convert CP LocoCAM hard drives from NT or QNX CMU with Rotary HD to QNX CMU SSD",
      "serviceSheetId": 13655087,
      "serviceProgramId": 65761,
      "serviceWorkorderId": 2120043,
      "serviceItemId": null,
      "scheduledDate": null,
      "scheduledOverrideFlag": null,
      "lastPerformedDate": null,
      "fmiId": 30498,
      "fmiFlag": "Y",
      "scheduledMaintenanceFlag": null,
     "serviceSheetFlag": null,
      "clickFlag": null,
      "serviceFlag": null,
      "autoAttachFlag": null,
      "fmiMandatoryFlag": null,
      "customerName": "Canadian Pacific Railway",
      "scheduleAlert": null,
      "dueFlag": "Y",
      "materialFlag": null
    },
    {
      "serviceTypeCode": "SP",
      "workorderStatus": "300",
      "serviceSheetStatusCode": "300",
      "statusDesc": "Open",
      "programName": "Local SP-26-42664",
      "serviceSheetComments": "Program to clean GTO's on CP.",
      "serviceSheetId": 13715790,
      "serviceProgramId": 66544,
      "serviceWorkorderId": 2120043,
      "serviceItemId": null,
      "scheduledDate": null,
      "scheduledOverrideFlag": null,
      "lastPerformedDate": null,
      "fmiId": 31327,
      "fmiFlag": "Y",
      "scheduledMaintenanceFlag": null,
      "serviceSheetFlag": null,
      "clickFlag": null,
      "serviceFlag": null,
      "autoAttachFlag": null,
      "fmiMandatoryFlag": null,
      "customerName": "Canadian Pacific Railway",
      "scheduleAlert": null,
      "dueFlag": "Y",
      "materialFlag": null
    },
    {
      "serviceTypeCode": "OH",
      "workorderStatus": "300",
      "serviceSheetStatusCode": "300",
      "statusDesc": "Open",
      "programName": "OVERHAUL - LOCO",
      "serviceSheetComments": "OVERHAUL - LOCOMOTIVE",
      "serviceSheetId": 4557584,
      "serviceProgramId": 44184,
      "serviceWorkorderId": 2120043,
      "serviceItemId": 399121,
      "scheduledDate": "2014-03-03",
      "scheduledOverrideFlag": null,
      "lastPerformedDate": null,
      "fmiId": null,
      "fmiFlag": "N",
      "scheduledMaintenanceFlag": null,
      "serviceSheetFlag": null,
      "clickFlag": null,
      "serviceFlag": null,
      "autoAttachFlag": null,
      "fmiMandatoryFlag": null,
      "customerName": "Canadian Pacific Railway",
      "scheduleAlert": null,
      "dueFlag": "Y",
      "materialFlag": null
    },
    {
      "serviceTypeCode": "GR",
      "workorderStatus": "300",
      "serviceSheetStatusCode": "300",
      "statusDesc": "Open",
      "programName": "Additional Wheel Sheet",
      "serviceSheetComments": "Additional Wheel Sheet",
      "serviceSheetId": 6898827,
      "serviceProgramId": 53267,
      "serviceWorkorderId": 2120043,
      "serviceItemId": 275066,
      "scheduledDate": "2010-03-17",
      "scheduledOverrideFlag": null,
      "lastPerformedDate": null,
      "fmiId": null,
      "fmiFlag": "N",
      "scheduledMaintenanceFlag": null,
      "serviceSheetFlag": null,
      "clickFlag": null,
      "serviceFlag": null,
      "autoAttachFlag": null,
      "fmiMandatoryFlag": null,
      "customerName": "Canadian Pacific Railway",
      "scheduleAlert": null,
      "dueFlag": "Y",
      "materialFlag": null
    },
    {
      "serviceTypeCode": "CO",
      "workorderStatus": "300",
      "serviceSheetStatusCode": "300",
      "statusDesc": "Open",
      "programName": "Grid Blower Change Out",
      "serviceSheetComments": "Grid Blower Change Out",
      "serviceSheetId": 4752313,
      "serviceProgramId": 50373,
      "serviceWorkorderId": 2120043,
      "serviceItemId": 286063,
      "scheduledDate": "2008-04-24",
      "scheduledOverrideFlag": null,
      "lastPerformedDate": "2008-04-23",
      "fmiId": null,
      "fmiFlag": "N",
      "scheduledMaintenanceFlag": null,
      "serviceSheetFlag": null,
      "clickFlag": null,
      "serviceFlag": null,
      "autoAttachFlag": null,
      "fmiMandatoryFlag": null,
      "customerName": "Canadian Pacific Railway",
      "scheduleAlert": null,
      "dueFlag": "Y",
      "materialFlag": null
    },
    {
      "serviceTypeCode": "RX",
      "workorderStatus": "300",
      "serviceSheetStatusCode": "300",
      "statusDesc": "Open",
      "programName": null,
      "serviceSheetComments": "B   2  Lococomm Fuel Monitor Source Comms Down   Q462023",
      "serviceSheetId": 14119774,
      "serviceProgramId": null,
      "serviceWorkorderId": 2120043,
      "serviceItemId": null,
      "scheduledDate": null,
      "scheduledOverrideFlag": null,
      "lastPerformedDate": null,
      "fmiId": null,
      "fmiFlag": null,
      "scheduledMaintenanceFlag": null,
      "serviceSheetFlag": null,
      "clickFlag": null,
      "serviceFlag": null,
      "autoAttachFlag": null,
      "fmiMandatoryFlag": null,
      "customerName": "Canadian Pacific Railway",
      "scheduleAlert": null,
      "dueFlag": "Y",
      "materialFlag": null
    },
    {
      "serviceTypeCode": "FP",
      "workorderStatus": "300",
      "serviceSheetStatusCode": "300",
      "statusDesc": "Open",
      "programName": null,
      "serviceSheetComments": "B2B: CP Order number 3001297855, OK??, 2015 Overhaul Plan",
      "serviceSheetId": 14070931,
      "serviceProgramId": null,
      "serviceWorkorderId": 2120043,
      "serviceItemId": null,
      "scheduledDate": null,
      "scheduledOverrideFlag": null,
      "lastPerformedDate": null,
      "fmiId": null,
      "fmiFlag": null,
      "scheduledMaintenanceFlag": null,
      "serviceSheetFlag": null,
      "clickFlag": null,
      "serviceFlag": null,
      "autoAttachFlag": null,
      "fmiMandatoryFlag": null,
      "customerName": "Canadian Pacific Railway",
      "scheduleAlert": null,
      "dueFlag": "Y",
      "materialFlag": null
    },
    {
      "serviceTypeCode": "CO",
      "workorderStatus": "300",
      "serviceSheetStatusCode": "300",
      "statusDesc": "Open",
      "programName": "AC TM GEAR CASE LUBE 24M CO",
      "serviceSheetComments": "AC TM GEAR CASE LUBE 24M CO",
      "serviceSheetId": 10438113,
      "serviceProgramId": 59012,
      "serviceWorkorderId": 2120043,
      "serviceItemId": 530625,
      "scheduledDate": "2014-12-22",
      "scheduledOverrideFlag": null,
      "lastPerformedDate": "2012-12-16",
      "fmiId": null,
      "fmiFlag": "N",
      "scheduledMaintenanceFlag": null,
      "serviceSheetFlag": null,
      "clickFlag": null,
      "serviceFlag": null,
      "autoAttachFlag": null,
      "fmiMandatoryFlag": null,
      "customerName": "Canadian Pacific Railway",
      "scheduleAlert": null,
      "dueFlag": "Y",
      "materialFlag": null
    },
    {
      "serviceTypeCode": "GR",
      "workorderStatus": "300",
      "serviceSheetStatusCode": "300",
      "statusDesc": "Open",
      "programName": null,
      "serviceSheetComments": null,
      "serviceSheetId": 10280850,
      "serviceProgramId": null,
      "serviceWorkorderId": 2120043,
      "serviceItemId": null,
      "scheduledDate": null,
      "scheduledOverrideFlag": null,
      "lastPerformedDate": null,
      "fmiId": null,
      "fmiFlag": null,
      "scheduledMaintenanceFlag": null,
      "serviceSheetFlag": null,
      "clickFlag": null,
      "serviceFlag": null,
      "autoAttachFlag": null,
      "fmiMandatoryFlag": null,
      "customerName": "Canadian Pacific Railway",
      "scheduleAlert": null,
      "dueFlag": "Y",
      "materialFlag": null
    },
    {
      "serviceTypeCode": "GR",
      "workorderStatus": "300",
      "serviceSheetStatusCode": "300",
      "statusDesc": "Open",
      "programName": null,
      "serviceSheetComments": "#3 combo to replace due to fat 43 installed.",
      "serviceSheetId": 14085735,
      "serviceProgramId": null,
      "serviceWorkorderId": 2120043,
      "serviceItemId": 438058,
      "scheduledDate": null,
      "scheduledOverrideFlag": null,
      "lastPerformedDate": null,
      "fmiId": null,
      "fmiFlag": null,
      "scheduledMaintenanceFlag": null,
      "serviceSheetFlag": null,
      "clickFlag": null,
      "serviceFlag": null,
      "autoAttachFlag": null,
      "fmiMandatoryFlag": null,
      "customerName": "Canadian Pacific Railway",
      "scheduleAlert": null,
      "dueFlag": "Y",
      "materialFlag": null
    },
    {
      "serviceTypeCode": "GR",
      "workorderStatus": "300",
      "serviceSheetStatusCode": "300",
      "statusDesc": "Open",
      "programName": null,
      "serviceSheetComments": "MEASURE WHEELS DUE TO TRUCK HUNTING AT 50MPH",
      "serviceSheetId": 14021184,
      "serviceProgramId": null,
      "serviceWorkorderId": 2120043,
      "serviceItemId": 275066,
      "scheduledDate": null,
      "scheduledOverrideFlag": null,
      "lastPerformedDate": null,
      "fmiId": null,
      "fmiFlag": null,
      "scheduledMaintenanceFlag": null,
      "serviceSheetFlag": null,
      "clickFlag": null,
      "serviceFlag": null,
      "autoAttachFlag": null,
      "fmiMandatoryFlag": null,
      "customerName": "Canadian Pacific Railway",
      "scheduleAlert": null,
      "dueFlag": "Y",
      "materialFlag": null
    },
    {
      "serviceTypeCode": "GR",
      "workorderStatus": "300",
      "serviceSheetStatusCode": "300",
      "statusDesc": "Open",
      "programName": null,
      "serviceSheetComments": "Remeasure the wheels.",
      "serviceSheetId": 14143286,
      "serviceProgramId": null,
      "serviceWorkorderId": 2120043,
      "serviceItemId": 275066,
      "scheduledDate": null,
      "scheduledOverrideFlag": null,
      "lastPerformedDate": null,
      "fmiId": null,
      "fmiFlag": null,
      "scheduledMaintenanceFlag": null,
      "serviceSheetFlag": null,
      "clickFlag": null,
      "serviceFlag": null,
      "autoAttachFlag": null,
      "fmiMandatoryFlag": null,
      "customerName": "Canadian Pacific Railway",
      "scheduleAlert": null,
      "dueFlag": "Y",
      "materialFlag": null
    },
    {
      "serviceTypeCode": "GR",
      "workorderStatus": "300",
      "serviceSheetStatusCode": "300",
      "statusDesc": "Open",
      "programName": null,
      "serviceSheetComments": "GE TA Signoff: CP 9591 FDL Engine O/H - GE Overhaul Manager completion notification, please inform Claude Latour via email (claude.latour@ge.com), when this locomotive has been released from this event.",
      "serviceSheetId": 14059360,
      "serviceProgramId": null,
      "serviceWorkorderId": 2120043,
      "serviceItemId": null,
      "scheduledDate": null,
      "scheduledOverrideFlag": null,
      "lastPerformedDate": null,
      "fmiId": null,
      "fmiFlag": null,
      "scheduledMaintenanceFlag": null,
      "serviceSheetFlag": null,
      "clickFlag": null,
      "serviceFlag": null,
      "autoAttachFlag": null,
      "fmiMandatoryFlag": null,
      "customerName": "Canadian Pacific Railway",
      "scheduleAlert": null,
      "dueFlag": "Y",
      "materialFlag": null
    },
    {
      "serviceTypeCode": "FP",
      "workorderStatus": "300",
      "serviceSheetStatusCode": "300",
      "statusDesc": "Open",
      "programName": null,
      "serviceSheetComments": "B2B: CP Order number 3001257774, OKCD, severe f-truck hunting over 50 mph.",
      "serviceSheetId": 14022917,
      "serviceProgramId": null,
      "serviceWorkorderId": 2120043,
      "serviceItemId": null,
      "scheduledDate": null,
      "scheduledOverrideFlag": null,
      "lastPerformedDate": null,
      "fmiId": null,
      "fmiFlag": null,
      "scheduledMaintenanceFlag": null,
      "serviceSheetFlag": null,
      "clickFlag": null,
      "serviceFlag": null,
      "autoAttachFlag": null,
      "fmiMandatoryFlag": null,
      "customerName": "Canadian Pacific Railway",
      "scheduleAlert": null,
      "dueFlag": "Y",
      "materialFlag": null
    },
    {
      "serviceTypeCode": "GR",
      "workorderStatus": "300",
      "serviceSheetStatusCode": "300",
      "statusDesc": "Open",
      "programName": null,
      "serviceSheetComments": "Non-RM Material",
      "serviceSheetId": 14024431,
      "serviceProgramId": null,
      "serviceWorkorderId": 2120043,
      "serviceItemId": null,
      "scheduledDate": "2015-06-09",
      "scheduledOverrideFlag": null,
      "lastPerformedDate": null,
      "fmiId": null,
      "fmiFlag": null,
      "scheduledMaintenanceFlag": null,
      "serviceSheetFlag": null,
      "clickFlag": null,
      "serviceFlag": null,
      "autoAttachFlag": null,
      "fmiMandatoryFlag": null,
      "customerName": "Canadian Pacific Railway",
      "scheduleAlert": null,
      "dueFlag": "Y",
      "materialFlag": null
    },
    {
      "serviceTypeCode": "GR",
      "workorderStatus": "300",
      "serviceSheetStatusCode": "300",
      "statusDesc": "Open",
      "programName": null,
      "serviceSheetComments": "U-Tube Mid Life Greasing",
      "serviceSheetId": 14128838,
      "serviceProgramId": null,
      "serviceWorkorderId": 2120043,
      "serviceItemId": 1188285,
      "scheduledDate": null,
      "scheduledOverrideFlag": null,
      "lastPerformedDate": null,
      "fmiId": null,
      "fmiFlag": null,
      "scheduledMaintenanceFlag": null,
      "serviceSheetFlag": null,
      "clickFlag": null,
      "serviceFlag": null,
      "autoAttachFlag": null,
      "fmiMandatoryFlag": null,
      "customerName": "Canadian Pacific Railway",
      "scheduleAlert": null,
      "dueFlag": "Y",
      "materialFlag": null
    },
    {
      "serviceTypeCode": "RX",
      "workorderStatus": "300",
      "serviceSheetStatusCode": "300",
      "statusDesc": "Open",
      "programName": null,
      "serviceSheetComments": "B   2  Lococomm CAX Comms Down QNX/OS (02-1019)   Q402530",
      "serviceSheetId": 14041908,
      "serviceProgramId": null,
      "serviceWorkorderId": 2120043,
      "serviceItemId": null,
      "scheduledDate": null,
      "scheduledOverrideFlag": null,
      "lastPerformedDate": null,
      "fmiId": null,
      "fmiFlag": null,
      "scheduledMaintenanceFlag": null,
      "serviceSheetFlag": null,
      "clickFlag": null,
      "serviceFlag": null,
      "autoAttachFlag": null,
      "fmiMandatoryFlag": null,
      "customerName": "Canadian Pacific Railway",
      "scheduleAlert": null,
      "dueFlag": "Y",
      "materialFlag": null
    },
    {
      "serviceTypeCode": "GR",
      "workorderStatus": "300",
      "serviceSheetStatusCode": "300",
      "statusDesc": "Open",
      "programName": "EOA System Verification",
      "serviceSheetComments": "EOA System Verification",
      "serviceSheetId": 13969396,
      "serviceProgramId": 66565,
      "serviceWorkorderId": 2120043,
      "serviceItemId": 1267652,
      "scheduledDate": "2015-04-21",
      "scheduledOverrideFlag": null,
      "lastPerformedDate": "2015-04-20",
      "fmiId": null,
      "fmiFlag": "N",
      "scheduledMaintenanceFlag": null,
      "serviceSheetFlag": null,
      "clickFlag": null,
      "serviceFlag": null,
      "autoAttachFlag": null,
      "fmiMandatoryFlag": null,
      "customerName": "Canadian Pacific Railway",
      "scheduleAlert": null,
      "dueFlag": "Y",
      "materialFlag": null
    },
    {
      "serviceTypeCode": "CR",
      "workorderStatus": "300",
      "serviceSheetStatusCode": "300",
      "statusDesc": "Open",
      "programName": "CR - TIME AND MATERIAL",
      "serviceSheetComments": "Service Sheet to capture TIME and MATERIAL associated with Customer Responsible activities",
      "serviceSheetId": 13969397,
      "serviceProgramId": 62272,
      "serviceWorkorderId": 2120043,
      "serviceItemId": 0,
      "scheduledDate": "2015-04-21",
      "scheduledOverrideFlag": null,
      "lastPerformedDate": "2015-04-20",
      "fmiId": null,
      "fmiFlag": "N",
      "scheduledMaintenanceFlag": null,
      "serviceSheetFlag": null,
      "clickFlag": null,
      "serviceFlag": null,
      "autoAttachFlag": null,
      "fmiMandatoryFlag": null,
      "customerName": "Canadian Pacific Railway",
      "scheduleAlert": null,
      "dueFlag": "Y",
      "materialFlag": null
    },
    {
      "serviceTypeCode": "GR",
      "workorderStatus": "300",
      "serviceSheetStatusCode": "300",
      "statusDesc": "Open",
      "programName": "Non-RM Material Usage SS",
      "serviceSheetComments": "For Unscheduled, Non-RM shopping MATERIAL USAGE assignment",
      "serviceSheetId": 13969398,
      "serviceProgramId": 29271,
      "serviceWorkorderId": 2120043,
      "serviceItemId": null,
      "scheduledDate": "2015-04-21",
      "scheduledOverrideFlag": null,
      "lastPerformedDate": "2015-04-20",
      "fmiId": null,
      "fmiFlag": "N",
      "scheduledMaintenanceFlag": null,
      "serviceSheetFlag": null,
      "clickFlag": null,
      "serviceFlag": null,
      "autoAttachFlag": null,
      "fmiMandatoryFlag": null,
      "customerName": "Canadian Pacific Railway",
      "scheduleAlert": null,
      "dueFlag": "Y",
      "materialFlag": null
    },
    {
      "serviceTypeCode": "GR",
      "workorderStatus": "300",
      "serviceSheetStatusCode": "300",
      "statusDesc": "Open",
      "programName": "TA/TD PROCESS VERIFY",
      "serviceSheetComments": "MANDATORY TA/TD PROCESS VERIFICATION",
      "serviceSheetId": 13969399,
      "serviceProgramId": 44764,
      "serviceWorkorderId": 2120043,
      "serviceItemId": 401841,
      "scheduledDate": "2015-04-21",
      "scheduledOverrideFlag": null,
      "lastPerformedDate": "2015-04-20",
      "fmiId": null,
      "fmiFlag": "N",
      "scheduledMaintenanceFlag": null,
      "serviceSheetFlag": null,
      "clickFlag": null,
      "serviceFlag": null,
      "autoAttachFlag": null,
      "fmiMandatoryFlag": null,
      "customerName": "Canadian Pacific Railway",
      "scheduleAlert": null,
      "dueFlag": "Y",
      "materialFlag": null
    },
    {
      "serviceTypeCode": "CO",
      "workorderStatus": "300",
     "serviceSheetStatusCode": "300",
      "statusDesc": "Open",
      "programName": "TRACTION MOTOR COMBO CO",
      "serviceSheetComments": "TRACTION MOTOR COMBO CHANGE OUT",
      "serviceSheetId": 13969401,
      "serviceProgramId": 29908,
      "serviceWorkorderId": 2120043,
      "serviceItemId": 438058,
      "scheduledDate": "2015-04-21",
      "scheduledOverrideFlag": null,
      "lastPerformedDate": "2015-04-20",
      "fmiId": null,
      "fmiFlag": "N",
      "scheduledMaintenanceFlag": null,
      "serviceSheetFlag": null,
      "clickFlag": null,
      "serviceFlag": null,
      "autoAttachFlag": null,
      "fmiMandatoryFlag": null,
      "customerName": "Canadian Pacific Railway",
      "scheduleAlert": null,
      "dueFlag": "Y",
      "materialFlag": null
    },
    {
      "serviceTypeCode": "GR",
      "workorderStatus": "300",
      "serviceSheetStatusCode": "300",
      "statusDesc": "Open",
      "programName": null,
      "serviceSheetComments": null,
      "serviceSheetId": 14025834,
      "serviceProgramId": null,
      "serviceWorkorderId": 2120043,
      "serviceItemId": 459009,
      "scheduledDate": null,
      "scheduledOverrideFlag": null,
      "lastPerformedDate": null,
      "fmiId": null,
      "fmiFlag": null,
      "scheduledMaintenanceFlag": null,
      "serviceSheetFlag": null,
      "clickFlag": null,
      "serviceFlag": null,
      "autoAttachFlag": null,
      "fmiMandatoryFlag": null,
      "customerName": "Canadian Pacific Railway",
      "scheduleAlert": null,
      "dueFlag": "Y",
      "materialFlag": null
    },
    {
      "serviceTypeCode": "RX",
      "workorderStatus": "300",
      "serviceSheetStatusCode": "300",
      "statusDesc": "Open",
      "programName": null,
      "serviceSheetComments": "B   2  ATS System: Fuel Sensor Failure (81-F004)   Q400383",
      "serviceSheetId": 14038151,
      "serviceProgramId": null,
      "serviceWorkorderId": 2120043,
      "serviceItemId": null,
      "scheduledDate": null,
      "scheduledOverrideFlag": null,
      "lastPerformedDate": null,
      "fmiId": null,
      "fmiFlag": null,
      "scheduledMaintenanceFlag": null,
      "serviceSheetFlag": null,
      "clickFlag": null,
      "serviceFlag": null,
      "autoAttachFlag": null,
      "fmiMandatoryFlag": null,
      "customerName": "Canadian Pacific Railway",
      "scheduleAlert": null,
      "dueFlag": "Y",
      "materialFlag": null
    },
    {
      "serviceTypeCode": "GR",
      "workorderStatus": "300",
      "serviceSheetStatusCode": "300",
      "statusDesc": "Open",
      "programName": "WHEEL TRUE",
      "serviceSheetComments": "Wheel True",
      "serviceSheetId": 12050102,
      "serviceProgramId": 56804,
      "serviceWorkorderId": 2120043,
      "serviceItemId": 517218,
      "scheduledDate": "2013-12-20",
      "scheduledOverrideFlag": null,
      "lastPerformedDate": "2013-12-19",
      "fmiId": null,
      "fmiFlag": "N",
      "scheduledMaintenanceFlag": null,
      "serviceSheetFlag": null,
      "clickFlag": null,
      "serviceFlag": null,
      "autoAttachFlag": null,
      "fmiMandatoryFlag": null,
      "customerName": "Canadian Pacific Railway",
      "scheduleAlert": null,
      "dueFlag": "Y",
      "materialFlag": null
    },
    {
     "serviceTypeCode": "RM",
      "workorderStatus": "300",
      "serviceSheetStatusCode": "300",
      "statusDesc": "Open",
      "programName": "ANNUAL COOLING SYSTEM CHECK",
      "serviceSheetComments": "Annual Emissions Engine Cooling System Check",
      "serviceSheetId": 12050104,
      "serviceProgramId": 46384,
      "serviceWorkorderId": 2120043,
      "serviceItemId": 408901,
      "scheduledDate": "2015-01-11",
      "scheduledOverrideFlag": null,
      "lastPerformedDate": "2013-12-19",
      "fmiId": null,
      "fmiFlag": "N",
      "scheduledMaintenanceFlag": null,
      "serviceSheetFlag": null,
      "clickFlag": null,
      "serviceFlag": null,
      "autoAttachFlag": null,
      "fmiMandatoryFlag": null,
      "customerName": "Canadian Pacific Railway",
      "scheduleAlert": null,
      "dueFlag": "Y",
      "materialFlag": null
    },
    {
      "serviceTypeCode": "RM",
      "workorderStatus": "300",
      "serviceSheetStatusCode": "300",
      "statusDesc": "Open",
      "programName": "RM 368",
      "serviceSheetComments": "368 Day Running Maintenance",
      "serviceSheetId": 12050105,
      "serviceProgramId": 539,
      "serviceWorkorderId": 2120043,
      "serviceItemId": 266752,
      "scheduledDate": "2015-06-09",
      "scheduledOverrideFlag": null,
      "lastPerformedDate": "2013-12-19",
      "fmiId": null,
      "fmiFlag": "N",
      "scheduledMaintenanceFlag": null,
      "serviceSheetFlag": null,
      "clickFlag": null,
      "serviceFlag": null,
      "autoAttachFlag": null,
      "fmiMandatoryFlag": null,
      "customerName": "Canadian Pacific Railway",
      "scheduleAlert": null,
      "dueFlag": "Y",
      "materialFlag": null
    },
    {
      "serviceTypeCode": "RM",
      "workorderStatus": "300",
      "serviceSheetStatusCode": "300",
      "statusDesc": "Open",
      "programName": "COOLING SYSTEM GURU PLUG CO (18-Months)",
      "serviceSheetComments": "AUTO WTR D VLV - All positions are due for CO at this time.",
      "serviceSheetId": 12050112,
      "serviceProgramId": 65451,
      "serviceWorkorderId": 2120043,
      "serviceItemId": 494893,
      "scheduledDate": "2015-07-24",
      "scheduledOverrideFlag": null,
      "lastPerformedDate": "2013-12-19",
      "fmiId": null,
      "fmiFlag": "N",
      "scheduledMaintenanceFlag": null,
      "serviceSheetFlag": null,
      "clickFlag": null,
      "serviceFlag": null,
      "autoAttachFlag": null,
      "fmiMandatoryFlag": null,
      "customerName": "Canadian Pacific Railway",
      "scheduleAlert": null,
      "dueFlag": "Y",
      "materialFlag": null
    },
    {
      "serviceTypeCode": "GR",
      "workorderStatus": "300",
      "serviceSheetStatusCode": "300",
      "statusDesc": "Open",
      "programName": "POWER ASSEMBLY (FDL) CO",
      "serviceSheetComments": "POWER ASSEMBLY (FDL) CO L/1 JACKET LEAKING",
      "serviceSheetId": 11238724,
      "serviceProgramId": 65781,
      "serviceWorkorderId": 2120043,
      "serviceItemId": 1042658,
      "scheduledDate": "2013-06-14",
      "scheduledOverrideFlag": null,
      "lastPerformedDate": null,
      "fmiId": null,
      "fmiFlag": "N",
      "scheduledMaintenanceFlag": null,
      "serviceSheetFlag": null,
      "clickFlag": null,
      "serviceFlag": null,
      "autoAttachFlag": null,
      "fmiMandatoryFlag": null,
      "customerName": "Canadian Pacific Railway",
      "scheduleAlert": null,
      "dueFlag": "Y",
      "materialFlag": null
    },
    {
      "serviceTypeCode": "GR",
      "workorderStatus": "300",
      "serviceSheetStatusCode": "300",
      "statusDesc": "Open",
      "programName": null,
      "serviceSheetComments": "V1 valve to change - OH Program",
      "serviceSheetId": 14125363,
      "serviceProgramId": null,
      "serviceWorkorderId": 2120043,
      "serviceItemId": 459011,
      "scheduledDate": null,
      "scheduledOverrideFlag": null,
      "lastPerformedDate": null,
      "fmiId": null,
      "fmiFlag": null,
      "scheduledMaintenanceFlag": null,
      "serviceSheetFlag": null,
      "clickFlag": null,
      "serviceFlag": null,
      "autoAttachFlag": null,
      "fmiMandatoryFlag": null,
      "customerName": "Canadian Pacific Railway",
      "scheduleAlert": null,
      "dueFlag": "Y",
      "materialFlag": null
    },
    {
      "serviceTypeCode": "GR",
      "workorderStatus": "300",
      "serviceSheetStatusCode": "300",
      "statusDesc": "Open",
      "programName": null,
      "serviceSheetComments": "V2 valve to change - OH Program",
      "serviceSheetId": 14125537,
      "serviceProgramId": null,
      "serviceWorkorderId": 2120043,
      "serviceItemId": 459011,
      "scheduledDate": null,
      "scheduledOverrideFlag": null,
      "lastPerformedDate": null,
      "fmiId": null,
      "fmiFlag": null,
      "scheduledMaintenanceFlag": null,
      "serviceSheetFlag": null,
      "clickFlag": null,
      "serviceFlag": null,
      "autoAttachFlag": null,
      "fmiMandatoryFlag": null,
      "customerName": "Canadian Pacific Railway",
      "scheduleAlert": null,
      "dueFlag": "Y",
      "materialFlag": null
    },
    {
      "serviceTypeCode": "GR",
      "workorderStatus": "300",
      "serviceSheetStatusCode": "300",
      "statusDesc": "Open",
      "programName": null,
      "serviceSheetComments": "Prior defect from 212393299 at St Luc CSC on 29-JAN-15 : RAILROAD NOTIFICATION 08/06/2014 (3000626028)\nOK??: Witronix Installation Required",
      "serviceSheetId": 13677607,
      "serviceProgramId": null,
      "serviceWorkorderId": 2120043,
      "serviceItemId": null,
      "scheduledDate": null,
      "scheduledOverrideFlag": null,
      "lastPerformedDate": null,
      "fmiId": null,
      "fmiFlag": null,
      "scheduledMaintenanceFlag": null,
      "serviceSheetFlag": null,
      "clickFlag": null,
      "serviceFlag": null,
      "autoAttachFlag": null,
      "fmiMandatoryFlag": null,
      "customerName": "Canadian Pacific Railway",
      "scheduleAlert": null,
      "dueFlag": "Y",
      "materialFlag": null
    },
    {
      "serviceTypeCode": "GR",
      "workorderStatus": "300",
      "serviceSheetStatusCode": "300",
      "statusDesc": "Open",
      "programName": null,
      "serviceSheetComments": "Prior defect from 411001641 at Port Coquitlam CSC on 29-JAN-15 : RAILROAD NOTIFICATION 01/28/2015 (3000662088)\nOKCD: could not link in DP mode - text\nTEXT:  could not link with CEFX1019 on the 118-24 power - was conventionalize Unit has history of locotrol problems - may be air related as last repai was in January 7 2015",
      "serviceSheetId": 13677574,
      "serviceProgramId": null,
      "serviceWorkorderId": 2120043,
      "serviceItemId": null,
      "scheduledDate": null,
      "scheduledOverrideFlag": null,
      "lastPerformedDate": null,
      "fmiId": null,
      "fmiFlag": null,
      "scheduledMaintenanceFlag": null,
      "serviceSheetFlag": null,
      "clickFlag": null,
      "serviceFlag": null,
      "autoAttachFlag": null,
      "fmiMandatoryFlag": null,
      "customerName": "Canadian Pacific Railway",
      "scheduleAlert": null,
      "dueFlag": "Y",
      "materialFlag": null
    },
    {
      "serviceTypeCode": "GR",
      "workorderStatus": "300",
     "serviceSheetStatusCode": "300",
      "statusDesc": "Open",
      "programName": null,
      "serviceSheetComments": "Prior defect from 411001641 at Port Coquitlam CSC on 29-JAN-15 : RAILROAD NOTIFICATION 01/24/2015 (3000662088)\nOKCD: Air flow meter stopped working",
      "serviceSheetId": 13677576,
      "serviceProgramId": null,
      "serviceWorkorderId": 2120043,
      "serviceItemId": null,
      "scheduledDate": null,
      "scheduledOverrideFlag": null,
      "lastPerformedDate": null,
      "fmiId": null,
      "fmiFlag": null,
      "scheduledMaintenanceFlag": null,
      "serviceSheetFlag": null,
      "clickFlag": null,
      "serviceFlag": null,
      "autoAttachFlag": null,
      "fmiMandatoryFlag": null,
      "customerName": "Canadian Pacific Railway",
      "scheduleAlert": null,
      "dueFlag": "Y",
      "materialFlag": null
    },
    {
      "serviceTypeCode": "GR",
      "workorderStatus": "300",
      "serviceSheetStatusCode": "300",
      "statusDesc": "Open",
      "programName": null,
      "serviceSheetComments": "Prior defect from 411001641 at Port Coquitlam CSC on 29-JAN-15 : RAILROAD NOTIFICATION 01/17/2015 (3000662088)\n SVC: LUBE OIL SAMPLE-TOILET SERVICE CP9591\nTEXT:  OIL SAMPLING PROCEDURES a.  Crankcase oil samples must be taken from all units with a Lube Oil Sample notification. b.  Oil samples are to be taken from the oil sample valve (070-192500) fitted to all locomotives. Samples shall be taken as follows: With Engine Running All GMD units - sample valve (back-up -dipstick hole or strainer housing) All GE units - sample valve (back-up -dipstick hole) With Engine Stopped All units - Take an oil sample using a sampling gun at a point approximately in the middle (depth-wise) of the oil in the crankcase. b.  A unit arriving at the shop track without the engine running must have a sample taken and submitted to the contracted laboratory. c.  Sample Valves         (1)  With wiper cloth or other suitable material, clean discharge end of sample valve drainpipe.",
      "serviceSheetId": 13677577,
      "serviceProgramId": null,
      "serviceWorkorderId": 2120043,
      "serviceItemId": null,
      "scheduledDate": null,
      "scheduledOverrideFlag": null,
      "lastPerformedDate": null,
      "fmiId": null,
      "fmiFlag": null,
      "scheduledMaintenanceFlag": null,
      "serviceSheetFlag": null,
      "clickFlag": null,
      "serviceFlag": null,
      "autoAttachFlag": null,
      "fmiMandatoryFlag": null,
      "customerName": "Canadian Pacific Railway",
      "scheduleAlert": null,
      "dueFlag": "Y",
      "materialFlag": null
    },
    {
      "serviceTypeCode": "GR",
      "workorderStatus": "300",
      "serviceSheetStatusCode": "300",
      "statusDesc": "Open",
      "programName": null,
      "serviceSheetComments": "Prior defect from 411001625 at Winnipeg CPR CSC on 05-MAR-15 : RAILROAD NOTIFICATION 03/05/2015 (3000672831)\nOKCD: Back breaker panel not closing.....\nTEXT:  Duct taped closed",
      "serviceSheetId": 13806049,
      "serviceProgramId": null,
      "serviceWorkorderId": 2120043,
      "serviceItemId": null,
      "scheduledDate": null,
      "scheduledOverrideFlag": null,
      "lastPerformedDate": null,
      "fmiId": null,
      "fmiFlag": null,
      "scheduledMaintenanceFlag": null,
      "serviceSheetFlag": null,
      "clickFlag": null,
      "serviceFlag": null,
      "autoAttachFlag": null,
      "fmiMandatoryFlag": null,
      "customerName": "Canadian Pacific Railway",
      "scheduleAlert": null,
      "dueFlag": "Y",
      "materialFlag": null
    },
    {
      "serviceTypeCode": "GR",
      "workorderStatus": "300",
      "serviceSheetStatusCode": "300",
      "statusDesc": "Open",
      "programName": null,
      "serviceSheetComments": "Prior defect from 411001625 at Winnipeg CPR CSC on 05-MAR-15 : RAILROAD NOTIFICATION 03/05/2015 (3000672831)\nOKCD: Inside nose door not sealing",
      "serviceSheetId": 13806046,
      "serviceProgramId": null,
      "serviceWorkorderId": 2120043,
      "serviceItemId": null,
      "scheduledDate": null,
      "scheduledOverrideFlag": null,
      "lastPerformedDate": null,
      "fmiId": null,
      "fmiFlag": null,
      "scheduledMaintenanceFlag": null,
      "serviceSheetFlag": null,
      "clickFlag": null,
      "serviceFlag": null,
      "autoAttachFlag": null,
      "fmiMandatoryFlag": null,
      "customerName": "Canadian Pacific Railway",
      "scheduleAlert": null,
      "dueFlag": "Y",
      "materialFlag": null
    },
    {
     "serviceTypeCode": "GR",
      "workorderStatus": "300",
      "serviceSheetStatusCode": "300",
      "statusDesc": "Open",
      "programName": null,
      "serviceSheetComments": "Prior defect from 411001625 at Winnipeg CPR CSC on 05-MAR-15 : RAILROAD NOTIFICATION 03/05/2015 (3000672831)\nOKAY: RSC Alerter Too loud",
      "serviceSheetId": 13806048,
      "serviceProgramId": null,
      "serviceWorkorderId": 2120043,
      "serviceItemId": null,
      "scheduledDate": null,
      "scheduledOverrideFlag": null,
      "lastPerformedDate": null,
      "fmiId": null,
      "fmiFlag": null,
      "scheduledMaintenanceFlag": null,
      "serviceSheetFlag": null,
      "clickFlag": null,
      "serviceFlag": null,
      "autoAttachFlag": null,
      "fmiMandatoryFlag": null,
      "customerName": "Canadian Pacific Railway",
      "scheduleAlert": null,
      "dueFlag": "Y",
      "materialFlag": null
    },
    {
      "serviceTypeCode": "GR",
      "workorderStatus": "300",
      "serviceSheetStatusCode": "300",
      "statusDesc": "Open",
      "programName": null,
      "serviceSheetComments": "Prior defect from 411001625 at Winnipeg CPR CSC on 05-MAR-15 : RAILROAD NOTIFICATION 03/05/2015 (3000672831)\nOKCD: Eng Side window not sealing",
      "serviceSheetId": 13806047,
      "serviceProgramId": null,
      "serviceWorkorderId": 2120043,
      "serviceItemId": null,
      "scheduledDate": null,
      "scheduledOverrideFlag": null,
      "lastPerformedDate": null,
      "fmiId": null,
      "fmiFlag": null,
      "scheduledMaintenanceFlag": null,
      "serviceSheetFlag": null,
      "clickFlag": null,
      "serviceFlag": null,
      "autoAttachFlag": null,
      "fmiMandatoryFlag": null,
      "customerName": "Canadian Pacific Railway",
      "scheduleAlert": null,
      "dueFlag": "Y",
      "materialFlag": null
    },
    {
      "serviceTypeCode": "GR",
      "workorderStatus": "300",
      "serviceSheetStatusCode": "300",
      "statusDesc": "Open",
      "programName": "FINAL WATER SYSTEM LEAK CHECK",
      "serviceSheetComments": "FINAL WATER SYSTEM LEAK CHECK",
      "serviceSheetId": 13806224,
      "serviceProgramId": 44745,
      "serviceWorkorderId": 2120043,
      "serviceItemId": 401505,
      "scheduledDate": "2015-03-05",
      "scheduledOverrideFlag": null,
      "lastPerformedDate": "2015-03-04",
      "fmiId": null,
      "fmiFlag": "N",
      "scheduledMaintenanceFlag": null,
      "serviceSheetFlag": null,
      "clickFlag": null,
      "serviceFlag": null,
      "autoAttachFlag": null,
      "fmiMandatoryFlag": null,
      "customerName": "Canadian Pacific Railway",
      "scheduleAlert": null,
      "dueFlag": "Y",
      "materialFlag": null
    },
    {
      "serviceTypeCode": "GR",
      "workorderStatus": "300",
      "serviceSheetStatusCode": "300",
      "statusDesc": "Open",
      "programName": "FINAL FUEL SYSTEM LEAK CHECK",
      "serviceSheetComments": "FINAL FUEL SYSTEM LEAK CHECK",
      "serviceSheetId": 13806229,
      "serviceProgramId": 44765,
      "serviceWorkorderId": 2120043,
      "serviceItemId": 401843,
      "scheduledDate": "2015-03-05",
      "scheduledOverrideFlag": null,
      "lastPerformedDate": "2015-03-04",
      "fmiId": null,
      "fmiFlag": "N",
      "scheduledMaintenanceFlag": null,
      "serviceSheetFlag": null,
      "clickFlag": null,
      "serviceFlag": null,
      "autoAttachFlag": null,
      "fmiMandatoryFlag": null,
      "customerName": "Canadian Pacific Railway",
      "scheduleAlert": null,
      "dueFlag": "Y",
      "materialFlag": null
    },
    {
      "serviceTypeCode": "GR",
      "workorderStatus": "300",
      "serviceSheetStatusCode": "300",
      "statusDesc": "Open",
      "programName": null,
      "serviceSheetComments": "Prior defect from JWALTMAN at St Paul CSC on 30-MAR-15 : Lube Oil Cooler Jacking Bolts are in the lowered position, Jacking Bolts need to be raised and have jam-nuts tightened.",
      "serviceSheetId": 13890468,
      "serviceProgramId": null,
      "serviceWorkorderId": 2120043,
      "serviceItemId": null,
      "scheduledDate": null,
      "scheduledOverrideFlag": null,
      "lastPerformedDate": null,
      "fmiId": null,
      "fmiFlag": null,
      "scheduledMaintenanceFlag": null,
      "serviceSheetFlag": null,
      "clickFlag": null,
      "serviceFlag": null,
      "autoAttachFlag": null,
      "fmiMandatoryFlag": null,
      "customerName": "Canadian Pacific Railway",
      "scheduleAlert": null,
      "dueFlag": "Y",
      "materialFlag": null
    },
    {
      "serviceTypeCode": "CR",
      "workorderStatus": "300",
      "serviceSheetStatusCode": "300",
      "statusDesc": "Open",
      "programName": "CP SUPERVISOR CHECKLIST RUNNING MAINTENANCE",
      "serviceSheetComments": "CP SUPERVISOR CHECKLIST RUNNING MAINTENANCE",
      "serviceSheetId": 13484549,
      "serviceProgramId": 65908,
      "serviceWorkorderId": 2120043,
      "serviceItemId": 1058271,
      "scheduledDate": "2014-12-08",
      "scheduledOverrideFlag": null,
      "lastPerformedDate": "2014-12-07",
      "fmiId": null,
      "fmiFlag": "N",
      "scheduledMaintenanceFlag": null,
      "serviceSheetFlag": null,
      "clickFlag": null,
      "serviceFlag": null,
      "autoAttachFlag": null,
      "fmiMandatoryFlag": null,
      "customerName": "Canadian Pacific Railway",
      "scheduleAlert": null,
      "dueFlag": "Y",
      "materialFlag": null
    },
    {
      "serviceTypeCode": "GR",
      "workorderStatus": "300",
      "serviceSheetStatusCode": "300",
      "statusDesc": "Open",
      "programName": null,
      "serviceSheetComments": "Prior defect from 411002186 at Alyth CSC on 09-DEC-14 : #3 air duct boot torn",
      "serviceSheetId": 13482266,
      "serviceProgramId": null,
      "serviceWorkorderId": 2120043,
      "serviceItemId": null,
      "scheduledDate": null,
      "scheduledOverrideFlag": null,
      "lastPerformedDate": null,
      "fmiId": null,
      "fmiFlag": null,
      "scheduledMaintenanceFlag": null,
      "serviceSheetFlag": null,
      "clickFlag": null,
      "serviceFlag": null,
      "autoAttachFlag": null,
      "fmiMandatoryFlag": null,
      "customerName": "Canadian Pacific Railway",
      "scheduleAlert": null,
      "dueFlag": "Y",
      "materialFlag": null
    },
    {
      "serviceTypeCode": "GR",
      "workorderStatus": "300",
      "serviceSheetStatusCode": "300",
      "statusDesc": "Open",
      "programName": null,
      "serviceSheetComments": "Prior defect from 411002186 at Alyth CSC on 08-DEC-14 : RAILROAD NOTIFICATION 12/03/2014 (3000626768)\nOKAY: LVL 3 Medium PM usage trend  (Long text)\nTEXT:  From: John McLuskey Sent: Wednesday, December 03, 2014 10:35 AM To: Mechanical Locomotive Maintenance Planner Subject: FW: GTO Cleaning Please create notification as per the attached. LVL 1 High PM usage, change ALL PMs LVL 2 High PM usage trend change remaining PMs LVL 3 Medium PM usage trend  (Long text) Perform GTO cleaning, duct and cable inspection on scheduled / unscheduled shopping thx John McLuskey - Mechanical Locomotive Maintenance Planning - Building 1, 7550 Ogden Dale Rd SE Calgary AB T2C 4X9 John_McLuskey@cpr.ca, Office 403-260-5833, Cell 403-837-3381 From: Bradley Robertson Sent: Wednesday, December 03, 2014 10:00 AM To: Jeff Coates; Cody Fischer; John McLuskey Subject: GTO Cleaning John, Please have the planners create notifications against the list of locomotives below for GTO cleaning. Please use the format indicated",
      "serviceSheetId": 13481874,
      "serviceProgramId": null,
      "serviceWorkorderId": 2120043,
      "serviceItemId": null,
      "scheduledDate": null,
      "scheduledOverrideFlag": null,
      "lastPerformedDate": null,
      "fmiId": null,
      "fmiFlag": null,
      "scheduledMaintenanceFlag": null,
      "serviceSheetFlag": null,
      "clickFlag": null,
      "serviceFlag": null,
      "autoAttachFlag": null,
      "fmiMandatoryFlag": null,
      "customerName": "Canadian Pacific Railway",
      "scheduleAlert": null,
      "dueFlag": "Y",
      "materialFlag": null
    },
    {
      "serviceTypeCode": "GR",
      "workorderStatus": "300",
      "serviceSheetStatusCode": "300",
      "statusDesc": "Open",
      "programName": null,
      "serviceSheetComments": "Prior defect from 207007031 at St Paul CSC on 03-NOV-14 : RAILROAD NOTIFICATION 10/20/2014 (3000635427)\nOKAY: B-L029-14  GE12RII Radio Collection\nTEXT:  From: John McLuskey Sent: Monday, October 20, 2014 10:40 AM To: Mechanical Locomotive Maintenance Planner Subject: FW: Bulletin B-L029-14_Radio Collection and Decommissioning Batch notification on all units - B-L029-14:  GE12RII radio Collection ************************************************************************ From: Yves Blanchette Sent: Monday, October 20, 2014 7:34 AM To: MS Locomotive Maintenance Process; MS Locomotive Servicing Process Subject: Bulletin B-L029-14_Radio Collection and Decommissioning Please be advised that Mechanical and Technical Services has released Bulletin B-L029-14_ Radio Collection and Decommissioning Copy of bulletin B-L029-14_ Radio Collection and Decommissioning   ( attached .) You can also have access to this bulletin by following this link: Department Policies and Procedures Yves Blanchette,  Quality Assurance Specialist,     Office: (403) 319-7118      Mobile: (403) 808-5043 CP",
      "serviceSheetId": 13342086,
      "serviceProgramId": null,
      "serviceWorkorderId": 2120043,
      "serviceItemId": null,
      "scheduledDate": null,
      "scheduledOverrideFlag": null,
      "lastPerformedDate": null,
      "fmiId": null,
      "fmiFlag": null,
      "scheduledMaintenanceFlag": null,
      "serviceSheetFlag": null,
      "clickFlag": null,
      "serviceFlag": null,
      "autoAttachFlag": null,
      "fmiMandatoryFlag": null,
      "customerName": "Canadian Pacific Railway",
      "scheduleAlert": null,
      "dueFlag": "Y",
      "materialFlag": null
    },
    {
      "serviceTypeCode": "RX",
      "workorderStatus": "300",
      "serviceSheetStatusCode": "300",
      "statusDesc": "Open",
      "programName": null,
      "serviceSheetComments": "B   2  ATS System: GPS Data Not Changing (81-F023)   Q412667",
      "serviceSheetId": 14052967,
      "serviceProgramId": null,
      "serviceWorkorderId": 2120043,
      "serviceItemId": null,
      "scheduledDate": null,
      "scheduledOverrideFlag": null,
      "lastPerformedDate": null,
      "fmiId": null,
      "fmiFlag": null,
      "scheduledMaintenanceFlag": null,
      "serviceSheetFlag": null,
      "clickFlag": null,
      "serviceFlag": null,
      "autoAttachFlag": null,
      "fmiMandatoryFlag": null,
      "customerName": "Canadian Pacific Railway",
      "scheduleAlert": null,
      "dueFlag": "Y",
      "materialFlag": null
    },
    {
      "serviceTypeCode": "GR",
      "workorderStatus": "300",
      "serviceSheetStatusCode": "300",
      "statusDesc": "Open",
      "programName": null,
      "serviceSheetComments": "Prior defect from 207007031 at St Paul CSC on 03-NOV-14 : TM2 gear case leaking",
      "serviceSheetId": 13342084,
      "serviceProgramId": null,
      "serviceWorkorderId": 2120043,
      "serviceItemId": null,
      "scheduledDate": null,
      "scheduledOverrideFlag": null,
      "lastPerformedDate": null,
      "fmiId": null,
      "fmiFlag": null,
      "scheduledMaintenanceFlag": null,
      "serviceSheetFlag": null,
      "clickFlag": null,
      "serviceFlag": null,
      "autoAttachFlag": null,
      "fmiMandatoryFlag": null,
      "customerName": "Canadian Pacific Railway",
      "scheduleAlert": null,
      "dueFlag": "Y",
      "materialFlag": null
    },
    {
      "serviceTypeCode": "GR",
      "workorderStatus": "300",
      "serviceSheetStatusCode": "300",
      "statusDesc": "Open",
      "programName": null,
      "serviceSheetComments": "Prior defect from 411002186 at Alyth CSC on 09-DEC-14 : #3 gear case leaking at seal",
      "serviceSheetId": 13482256,
      "serviceProgramId": null,
      "serviceWorkorderId": 2120043,
      "serviceItemId": null,
      "scheduledDate": null,
      "scheduledOverrideFlag": null,
      "lastPerformedDate": null,
      "fmiId": null,
      "fmiFlag": null,
      "scheduledMaintenanceFlag": null,
      "serviceSheetFlag": null,
      "clickFlag": null,
      "serviceFlag": null,
      "autoAttachFlag": null,
      "fmiMandatoryFlag": null,
      "customerName": "Canadian Pacific Railway",
      "scheduleAlert": null,
      "dueFlag": "Y",
      "materialFlag": null
    },
    {
      "serviceTypeCode": "FP",
      "workorderStatus": "300",
      "serviceSheetStatusCode": "300",
      "statusDesc": "Open",
      "programName": null,
      "serviceSheetComments": "B2B: CP Order number 3001248640, OKAY, TM #6 gearcase bolt broken",
      "serviceSheetId": 14021133,
      "serviceProgramId": null,
      "serviceWorkorderId": 2120043,
      "serviceItemId": null,
      "scheduledDate": null,
      "scheduledOverrideFlag": null,
      "lastPerformedDate": null,
      "fmiId": null,
      "fmiFlag": null,
      "scheduledMaintenanceFlag": null,
      "serviceSheetFlag": null,
      "clickFlag": null,
      "serviceFlag": null,
      "autoAttachFlag": null,
      "fmiMandatoryFlag": null,
      "customerName": "Canadian Pacific Railway",
      "scheduleAlert": null,
      "dueFlag": "Y",
      "materialFlag": null
    },
    {
      "serviceTypeCode": "GR",
      "workorderStatus": "300",
      "serviceSheetStatusCode": "300",
      "statusDesc": "Open",
      "programName": null,
      "serviceSheetComments": "Prior defect from 411002186 at Alyth CSC on 09-DEC-14 : #4 air duct torn",
      "serviceSheetId": 13482265,
      "serviceProgramId": null,
      "serviceWorkorderId": 2120043,
      "serviceItemId": null,
      "scheduledDate": null,
      "scheduledOverrideFlag": null,
      "lastPerformedDate": null,
      "fmiId": null,
      "fmiFlag": null,
      "scheduledMaintenanceFlag": null,
      "serviceSheetFlag": null,
      "clickFlag": null,
      "serviceFlag": null,
      "autoAttachFlag": null,
      "fmiMandatoryFlag": null,
      "customerName": "Canadian Pacific Railway",
      "scheduleAlert": null,
      "dueFlag": "Y",
      "materialFlag": null
    }
  ],
  "status": {
    "statusCode": "SUCCESS",
    "message": "ok"
  }
}
