{
  "status": "SUCCESS",
  "message": "WorkOrder Found ",
  "workorder": {
    "workorderId": 0,
    "workorderNumber": "CSX-6002-0001",
    "roadNumber": "6002",
    "aarRoad": null,
    "customerName": null,
    "customerId": "1119",
    "workorderStatus": null,
    "reasonCode": null,
    "workorderComment": null,
    "modelCode": "GP40-2",
    "locomotiveId": 254530,
    "organisationId": null,
    "shopName": null,
    "statusMeaning": null,
    "dwcreationDate": null
  },
  "asset": {
    "fleetName": null,
    "fleetId": null,
    "assetInServiceDate": null,
    "locomotiveId": 254530
  }
}