{
  "customers": [
    {
      "id": 1,
      "firstName": "Ross",
      "lastName": "Geller",
      "address": "West Street",
      "gender": "male"
    },
    {
      "id": 2,
      "firstName": "Monica",
      "lastName": "Geller",
      "address": "West Street",
      "gender": "female"
    },
    {
      "id": 3,
      "firstName": "Rachel",
      "lastName": "Green",
      "address": "West Street",
      "gender": "female"
    },
    {
      "id": 4,
      "firstName": "Joey",
      "lastName": "Tribuanni",
      "address": "West Street",
      "gender": "male"
    },
    {
      "id": 5,
      "firstName": "Chandler",
      "lastName": "Bing",
      "address": "West Street",
      "gender": "male"
    }
  ],
  "orders": [
    {"id": 100,"product":"iPhone7","price":80000.00, "customer_id":3},
    {"id": 101,"product":"Samsung 4HD","price":180000.00, "customer_id":1},
    {"id": 102,"product":"onePlus 3","price":32000.00, "customer_id":3}
  ]
}