{
  "name": "bootstrap-datepicker",
  "version": "1.0.2",
  "main": [
    "js/bootstrap-datepicker.js",
    "css/datepicker.css"
  ],
  "dependencies": {
    "jquery": ">=1.7.1",
    "bootstrap": ">=2.0.4 <3.0"
  },
  "gitHead": "bc3985e02dd3011494b83ba906155b385be16bae",
  "readme": "# [bootstrap-datepicker](http://eternicode.github.com/bootstrap-datepicker/) [![Build Status](https://travis-ci.org/eternicode/bootstrap-datepicker.png?branch=master)](https://travis-ci.org/eternicode/bootstrap-datepicker)\n\nThis is a fork of Stefan Petre's [original code](http://www.eyecon.ro/bootstrap-datepicker/);\nthanks go to him for getting this thing started!\n\nPlease note that this fork is not used on Stefan's page at this time, nor is it maintained or\ncontributed to by him (yet?)\n\nVersions are incremented according to [semver](http://semver.org/).\n\n# Requirements\n\n* [Bootstrap](http://twitter.github.com/bootstrap/) 2.0.4+\n* [jQuery](http://jquery.com/) 1.7.1+\n\nThese are the specific versions bootstrap-datpicker is tested against (`js` files) and built against (`css` files).  Use other versions at your own risk.\n\n# Example\n\nAttached to a field with the format specified via options:\n\n```html\n<input type=\"text\" value=\"02-16-2012\" class=\"datepicker\">\n```\n```javascript\n$('.datepicker').datepicker({\n    format: 'mm-dd-yyyy'\n});\n```\n\nAttached to a field with the format specified via data tag:\n\n```html\n<input type=\"text\" value=\"02/16/12\" data-date-format=\"mm/dd/yy\" class=\"datepicker\" >\n```\n```javascript\n$('.datepicker').datepicker();\n```\n\nAs component:\n\n```html\n<div class=\"input-append date datepicker\" data-date=\"12-02-2012\" data-date-format=\"dd-mm-yyyy\">\n    <input size=\"16\" type=\"text\" value=\"12-02-2012\" readonly><span class=\"add-on\"><i class=\"icon-th\"></i></span>\n</div>\n```\n```javascript\n$('.datepicker').datepicker();\n```\n\nAttached to non-field element, using events to work with the date values.\n\n```html\n<div class=\"alert alert-error\" id=\"alert\">\n    <strong>Oh snap!</strong>\n</div>\n<table class=\"table\">\n    <thead>\n        <tr>\n          <th>\n              Start date\n              <a href=\"#\" class=\"btn small\" id=\"date-start\" data-date-format=\"yyyy-mm-dd\" data-date=\"2012-02-20\">Change</a>\n          </th>\n          <th>\n              End date\n              <a href=\"#\" class=\"btn small\" id=\"date-end\" data-date-format=\"yyyy-mm-dd\" data-date=\"2012-02-25\">Change</a>\n          </th>\n        </tr>\n    </thead>\n    <tbody>\n        <tr>\n          <td id=\"date-start-display\">2012-02-20</td>\n          <td id=\"date-end-display\">2012-02-25</td>\n        </tr>\n    </tbody>\n</table>\n```\n```javascript\nvar startDate = new Date(2012,1,20);\nvar endDate = new Date(2012,1,25);\n$('#date-start')\n    .datepicker()\n    .on('changeDate', function(ev){\n        if (ev.date.valueOf() > endDate.valueOf()){\n            $('#alert').show().find('strong').text('The start date must be before the end date.');\n        } else {\n            $('#alert').hide();\n            startDate = new Date(ev.date);\n            $('#date-start-display').text($('#date-start').data('date'));\n        }\n        $('#date-start').datepicker('hide');\n    });\n$('#date-end')\n    .datepicker()\n    .on('changeDate', function(ev){\n        if (ev.date.valueOf() < startDate.valueOf()){\n            $('#alert').show().find('strong').text('The end date must be after the start date.');\n        } else {\n            $('#alert').hide();\n            endDate = new Date(ev.date);\n            $('#date-end-display').text($('#date-end').data('date'));\n        }\n        $('#date-end').datepicker('hide');\n    });\n```\n\nAs inline datepicker:\n\n```html\n<div class=\"datepicker\"></div>\n```\n```javascript\n$('.datepicker').datepicker();\n```\n\n\n# Using bootstrap-datepicker.js\n\nCall the datepicker via javascript:\n\n```javascript\n$('.datepicker').datepicker()\n```\n\n## Dependencies\n\nRequires bootstrap's dropdown component (`dropdowns.less`) for some styles, and bootstrap's sprites (`sprites.less` and associated images) for arrows.\n\nA standalone .css file (including necessary dropdown styles and alternative, text-based arrows) can be generated by running `build/build_standalone.less` through the `lessc` compiler:\n\n```bash\n$ lessc build/build_standalone.less datepicker.css\n```\n\n## Options\n\nAll options that take a \"Date\" can handle a `Date` object; a String formatted according to the given `format`; or a timedelta relative to today, eg '-1d', '+6m +1y', etc, where valid units are 'd' (day), 'w' (week), 'm' (month), and 'y' (year).\n\n### format\n\nString.  Default: 'mm/dd/yyyy'\n\nThe date format, combination of d, dd, D, DD, m, mm, M, MM, yy, yyyy.\n\n* d, dd: Numeric date, no leading zero and leading zero, respectively.  Eg, 5, 05.\n* D, DD: Abbreviated and full weekday names, respectively.  Eg, Mon, Monday.\n* m, mm: Numeric month, no leading zero and leading zero, respectively.  Eg, 7, 07.\n* M, MM: Abbreviated and full month names, respectively.  Eg, Jan, January\n* yy, yyyy: 2- and 4-digit years, respectively.  Eg, 12, 2012.\n\n### weekStart\n\nInteger.  Default: 0\n\nDay of the week start. 0 (Sunday) to 6 (Saturday)\n\n### calendarWeeks\n\nBoolean. Default: false\n\nWhether or not to show week numbers to the left of week rows.\n\n### startDate\n\nDate.  Default: Beginning of time\n\nThe earliest date that may be selected; all earlier dates will be disabled.\n\n### endDate\n\nDate.  Default: End of time\n\nThe latest date that may be selected; all later dates will be disabled.\n\n### daysOfWeekDisabled\n\nString, Array.  Default: '', []\n\nDays of the week that should be disabled. Values are 0 (Sunday) to 6 (Saturday). Multiple values should be comma-separated. Example: disable weekends: `'0,6'` or `[0,6]`.\n\n### autoclose\n\nBoolean.  Default: false\n\nWhether or not to close the datepicker immediately when a date is selected.\n\n### startView\n\nNumber, String.  Default: 0, 'month'\n\nThe view that the datepicker should show when it is opened.  Accepts values of 0 or 'month' for month view (the default), 1 or 'year' for the 12-month overview, and 2 or 'decade' for the 10-year overview.  Useful for date-of-birth datepickers.\n\n### minViewMode\n\nNumber, String.  Default: 0, 'days'\n\nSet a limit for the view mode.  Accepts: 'days' or 0, 'months' or 1, and 'years' or 2.\nGives the ability to pick only a month or an year.  The day is set to the 1st for 'months', and the month is set to January for 'years'.\n\n### todayBtn\n\nBoolean, \"linked\".  Default: false\n\nIf true or \"linked\", displays a \"Today\" button at the bottom of the datepicker to select the current date.  If true, the \"Today\" button will only move the current date into view; if \"linked\", the current date will also be selected.\n\n### todayHighlight\n\nBoolean.  Default: false\n\nIf true, highlights the current date.\n\n### keyboardNavigation\n\nBoolean.  Default: true\n\nWhether or not to allow date navigation by arrow keys.\n\n### language\n\nString.  Default: 'en'\n\nThe IETF code (eg  \"en\" for English, \"pt-BR\" for Brazilian Portuguese) of the language to use for month and day names.  These will also be used as the input's value (and subsequently sent to the server in the case of form submissions).  If a full code (eg \"de-DE\") is supplied the picker will first check for an \"de-DE\" language and if not found will fallback and check for a \"de\" language.  If an unknown language code is given, English will be used.  See I18N below.\n\n### forceParse\n\nBoolean.  Default: true\n\nWhether or not to force parsing of the input value when the picker is closed.  That is, when an invalid date is left in the input field by the user, the picker will forcibly parse that value, and set the input's value to the new, valid date, conforming to the given `format`.\n\n## Markup\n\nFormat a component.\n\n```html\n<div class=\"input-append date datepicker\" data-date=\"12-02-2012\" data-date-format=\"dd-mm-yyyy\">\n    <input class=\"span2\" size=\"16\" type=\"text\" value=\"12-02-2012\"><span class=\"add-on\"><i class=\"icon-th\"></i></span>\n</div>\n```\n\n## Methods\n\n### .datepicker(options)\n\nInitializes an datepicker.\n\n### remove\n\nArguments: None\n\nRemove the datepicker.  Removes attached events, internal attached objects, and\nadded HTML elements.\n\n```javascript\n$('.datepicker').datepicker('remove');\n```\n\n### show\n\nArguments: None\n\nShow the datepicker.\n\n```javascript\n$('.datepicker').datepicker('show');\n```\n\n### hide\n\nArguments: None\n\nHide the datepicker.\n\n```javascript\n$('.datepicker').datepicker('hide');\n```\n\n### update\n\nArguments:\n\n* date (String|Date)\n\nUpdate the datepicker with given argument or the current input value.\n\n```javascript\n$('.datepicker').datepicker('update');\n```\n\n### setStartDate\n\nArguments:\n\n* startDate (String)\n\nSets a new lower date limit on the datepicker.\n\n```javascript\n$('.datepicker').datepicker('setStartDate', '2012-01-01');\n```\n\nOmit startDate (or provide an otherwise falsey value) to unset the limit.\n\n```javascript\n$('.datepicker').datepicker('setStartDate');\n$('.datepicker').datepicker('setStartDate', null);\n```\n\n### setEndDate\n\nArguments:\n\n* endDate (String)\n\nSets a new upper date limit on the datepicker.\n\n```javascript\n$('.datepicker').datepicker('setEndDate', '2012-12-31');\n```\n\nOmit endDate (or provide an otherwise falsey value) to unset the limit.\n\n```javascript\n$('.datepicker').datepicker('setEndDate');\n$('.datepicker').datepicker('setEndDate', null);\n```\n\n### setDaysOfWeekDisabled\n\nArguments:\n\n* daysOfWeekDisabled (String|Array)\n\nSets the days of week that should be disabled.\n\n```javascript\n$('.datepicker').datepicker('setDaysOfWeekDisabled', [0,6]);\n```\n\nOmit daysOfWeekDisabled (or provide an otherwise falsey value) to unset the disabled days.\n\n```javascript\n$('.datepicker').datepicker('setDaysOfWeekDisabled');\n$('.datepicker').datepicker('setDaysOfWeekDisabled', null);\n```\n\n## Events\n\nDatepicker class exposes a few events for manipulating the dates.\n\n### show\n\nFired when the date picker is displayed.\n\n### hide\n\nFired when the date picker is hidden.\n\n### changeDate\n\nFired when the date is changed.\n\n```javascript\n$('#date-end')\n    .datepicker()\n    .on('changeDate', function(ev){\n        if (ev.date.valueOf() < date-start-display.valueOf()){\n            ....\n        }\n    });\n```\n\n### changeYear\n\nFired when the *view* year is changed from decade view.\n\n### changeMonth\n\nFired when the *view* month is changed from year view.\n\n## Keyboard support\n\nThe datepicker includes some keyboard navigation:\n\n### up, down, left, right arrow keys\n\nBy themselves, left/right will move backward/forward one day, up/down will move back/forward one week.\n\nWith the shift key, up/left will move backward one month, down/right will move forward one month.\n\nWith the ctrl key, up/left will move backward one year, down/right will move forward oone year.\n\nShift+ctrl behaves the same as ctrl -- that is, it does not change both month and year simultaneously, only the year.\n\n### escape\n\nThe escape key can be used to hide and re-show the datepicker; this is necessary if the user wants to manually edit the value.\n\n### enter\n\nWhen the picker is visible, enter will simply hide it.  When the picker is not visible, enter will have normal effects -- submitting the current form, etc.\n\n## I18N\n\nThe plugin supports i18n for the month and weekday names and the `weekStart` option.  The default is English ('en'); other available translations are avilable in the `js/locales/` directory, simply include your desired locale after the plugin.  To add more languages, simply add a key to `$.fn.datepicker.dates`, before calling `.datepicker()`.  Example:\n\n```javascript\n$.fn.datepicker.dates['en'] = {\n    days: [\"Sunday\", \"Monday\", \"Tuesday\", \"Wednesday\", \"Thursday\", \"Friday\", \"Saturday\", \"Sunday\"],\n    daysShort: [\"Sun\", \"Mon\", \"Tue\", \"Wed\", \"Thu\", \"Fri\", \"Sat\", \"Sun\"],\n    daysMin: [\"Su\", \"Mo\", \"Tu\", \"We\", \"Th\", \"Fr\", \"Sa\", \"Su\"],\n    months: [\"January\", \"February\", \"March\", \"April\", \"May\", \"June\", \"July\", \"August\", \"September\", \"October\", \"November\", \"December\"],\n    monthsShort: [\"Jan\", \"Feb\", \"Mar\", \"Apr\", \"May\", \"Jun\", \"Jul\", \"Aug\", \"Sep\", \"Oct\", \"Nov\", \"Dec\"],\n    today: \"Today\"\n};\n```\n\nRight-to-left languages may also include `rtl: true` to make the calendar display appropriately.\n\nIf your browser (or those of your users) is displaying characters wrong, chances are the browser is loading the javascript file with a non-unicode encoding.  Simply add `charset=\"UTF-8\"` to your `script` tag:\n\n```html\n<script type=\"text/javascript\" src=\"bootstrap-datepicker.XX.js\" charset=\"UTF-8\"></script>\n```\n\n```javascript\n$('.datepicker').datepicker({\n    language: XX    //as you defined in bootstrap-datepicker.XX.js\n});\n```\n",
  "readmeFilename": "README.md",
  "_id": "bootstrap-datepicker@1.0.2",
  "description": "This is a fork of Stefan Petre's [original code](http://www.eyecon.ro/bootstrap-datepicker/); thanks go to him for getting this thing started!",
  "repository": {
    "type": "git",
    "url": "git://github.com/eternicode/bootstrap-datepicker.git"
  }
}