<!-- https://www.playframework.com/documentation/latest/SettingsLogger -->
<configuration>

  <conversionRule conversionWord="coloredLevel" converterClass="play.api.libs.logback.ColoredLevel" />

  <appender name="STDOUT" class="ch.qos.logback.core.ConsoleAppender">
    <encoder>
      <pattern>%coloredLevel %logger - %message%n%xException</pattern>
    </encoder>
  </appender>

  <property name="PLAY_LOG" value="/app/instances/play/logs" />

  <appender name="FILE-AUDIT"
	class="ch.qos.logback.core.rolling.RollingFileAppender">
    <file>${PLAY_LOG}/webapp_wsa_play.log</file>
    <encoder class="ch.qos.logback.classic.encoder.PatternLayoutEncoder">
		<Pattern>
			%d{yyyy-MM-dd HH:mm:ss} - %msg%n
		</Pattern>
	</encoder>

	<rollingPolicy class="ch.qos.logback.core.rolling.TimeBasedRollingPolicy">
		<!-- rollover daily -->
		<fileNamePattern>${PLAY_LOG}/archived/webapp_wsa_play.%d{yyyy-MM-dd}.%i.log
		</fileNamePattern>
		<timeBasedFileNamingAndTriggeringPolicy
			class="ch.qos.logback.core.rolling.SizeAndTimeBasedFNATP">
			<maxFileSize>10MB</maxFileSize>
		</timeBasedFileNamingAndTriggeringPolicy>
	</rollingPolicy>
  </appender>

  <appender name="ASYNCFILE" class="ch.qos.logback.classic.AsyncAppender">
    <appender-ref ref="FILE" />
  </appender>

  <appender name="ASYNCSTDOUT" class="ch.qos.logback.classic.AsyncAppender">
    <appender-ref ref="STDOUT" />
  </appender>

  <logger name="controllers" level="DEBUG" >
	<appender-ref ref="STDOUT" />
     <appender-ref ref="FILE-AUDIT" />
  </logger>
  <logger name="application" level="DEBUG" />

  <root level="ERROR">
    <appender-ref ref="STDOUT" />
     <appender-ref ref="FILE-AUDIT" />
  </root>
  <logger name="play" level="INFO" />

  <!-- Off these ones as they are annoying, and anyway we manage configuration ourselves -->
  <logger name="com.avaje.ebean.config.PropertyMapLoader" level="OFF" />
  <logger name="com.avaje.ebeaninternal.server.core.XmlConfigLoader" level="OFF" />
  <logger name="com.avaje.ebeaninternal.server.lib.BackgroundThread" level="OFF" />
  <logger name="com.gargoylesoftware.htmlunit.javascript" level="OFF" />

  <root level="WARN">
    <appender-ref ref="ASYNCFILE" />
    <appender-ref ref="ASYNCSTDOUT" />
  </root>

</configuration>
