{
    "ENG": {
        "reportTitle": "Service Track Report",
        "unit": "Unit",
        "model": "Model",
        "status": "Status",
        "distance": "Distance from Shop",
        "pp": "PP",
        "lite": "Optimized",
        "needdl": "Need D/L",
        "smartnotes": "Smart Inbound Notes",
        "mods": "Mods attached to Work Order",
        "incidents": "Active Customer Incidents",
        "openRxs": "Open RXs",
        "woAge": "WO Age (Days)",
        "clearFilters": "Clear Filters",
        "filter": "Filter",
        "maxWoAge": "Max WO Age",
        "maxDistance": "Max Distance",
        "rxTitleHeader": "GE Rx List",
        "caseNumber": "Case Number",
        "reissueCount": "ReIssue Count",
        "urgency": "Urgency",
        "deliveryDate": "Delivery Date",
        "rxTitle": "Rx Title",
        "rxNotes": "Notes",
        "exportExcel": "Export to Excel",
        "incidentList": "Customer Incident List",
        "openDate": "Open Date",
        "problemCode": "Problem Code",
        "oos": "OOS",
        "incidentDescription": "Incident Description",
        "incidentCodeDescription": "Incident Code Description",
        "clear": "Clear",
        "close": "Close",
        "version": "Version",
        "lastUpdated": "Last Updated",
        "smartInbound": "GE Smart Inbound",
        "poorPerformer": "Poor Performer",
        "needDownload": "Need Download",
        "exportToExcel": "Export To Excel",
        "units": "Units",
        "search": "Search",
        "noDataAlert": "No Service Track Report Data",
        "notEnabledAlert": "This transaction is not yet enabled for your user profile. It is being piloted/tested at specific locations (or by specific users) before it is enabled for ALL users. Thank you for your patience while this new feature is being tested.",
        "incomingHealth": "Incoming Health",
        "orgName": "Org Name"
    },
    "SPA": {
        "reportTitle": "Reporte de seguimiento de servicio",
        "unit": "Unidad",
        "model": "Modelo",
        "status": "Estatus",
        "distance": "Distancia de la Tienda",
        "pp": "Bajo Rendimiento",
        "lite": "Optimizado",
        "needdl": "Necesita Descargar",
        "smartnotes": "Notas Entrantes Inteligentes",
        "mods": "Modelos anexados a órdenes de trabajo",
        "incidents": "Incidentes activos de clientes",
        "openRxs": "RXs abiertos",
        "woAge": "Edad de órden de trabajo (días)",
        "clearFilters": "Limpiar Filtros",
        "filter": "Filtro",
        "maxWoAge": "Edad máxima de órden de trabajo",
        "maxDistance": "Distancia Máxima",
        "rxTitleHeader": "Lista de RX de GE",
        "caseNumber": "Número de Caso",
        "reissueCount": "Conteo de reuso",
        "urgency": "Urgencia",
        "deliveryDate": "Fecha de Entrega",
        "rxTitle": "Título RX",
        "rxNotes": "Notas",
        "exportExcel": "Exportar a Excel",
        "incidentList": "Lista de incidentes de clientes",
        "openDate": "Fecha abierta",
        "problemCode": "Código de problema",
        "oos": "fuera de especificaciones",
        "incidentDescription": "Descripción del incidente",
        "incidentCodeDescription": "Descripción del código del incidente",
        "clear": "Claro",
        "close": "Cerrado",
        "version": "Versión",
        "lastUpdated": "Última actualización",
        "smartInbound": "Entrada Inteligente GE",
        "poorPerformer": "Bajo Rendimiento",
        "needDownload": "Necesita Descargar",
        "exportToExcel": "Exportar a Excel",
        "units": "Unidades",
        "search": "Buscar",
        "noDataAlert": "Sin datos del informe de seguimiento de servicio",
        "notEnabledAlert": "Esta transacción todavía no está disponíble para su usuario. Está bajo pruebas en ubicaciones específicas (o por usuarios específicos) antes de ser habilitado para todos los usuarios. Agradecemos su paciencia mientras esta característica está siendo probada.",
        "incomingHealth": "Salud entrante",
        "orgName": "Nombre de la organización"
    }
}
