{
    "ENG":{
        "reportTitle": "Turnover Report",
        "orgShop": "Org/shop",
        "roadNum": "RN",
        "fleet": "Fleet",
        "trackPos": "TRK/POS",
        "woStatus": "WO Status",
        "dwellTime": "DT(hrs)",
        "pp":"PP",
        "repeater": "Repeater",
        "model":"Model",
        "tier": "Tier",
        "woCode": "WO Reason Code",
        "liteStd": "LTE/STD",
        "download": "Download",
        "oosLoc": "OOS Location",
        "workPlan": "Workplan",
        "reasonShopping": "Reasons for Shopping",
        "mods": "Mods",
        "rxs": "RXs",
        "wheels": "Wheels",
        "contractType": "Service Contract Type",
        "defects": "Defects",
        "openNotes": "Open Notes",
        "save": "Save",
        "history": "History",
        "print": "Print",
        "excel": "Export to Excel",
        "orgShopExpand": "Organization/shop",
        "roadNumExpand": "Road Number",
        "trackPosExpand": "Track/Position",
        "woStatusExpand": "Work Order Status",
        "dwellTimeExpand": "Dwell Time",
        "ppExpand":"Poor Performer",
        "woCodeExpand": "Work Order Code",
        "liteStdExpand": "Lite/Standard",
        "oosLocExpand": "Out Of Shop Location",
        "modsExpand": "Modifications",
        "rxsExpand": "Recommendations",
        "search" : "Search",
        "advancedFilters" : "Advanced Filters",
        "shop" : "Shop",
        "status" : "Status",
        "reasonCode" : "Reason Code",
        "dwelltime" : "Dwell time",
        "filter" : "Filter",
        "nothingtoShow" : "Nothing to show based on your search!",
        "showing" : "Showing",
        "outof" : "Out of",
        "results" : "Results",
        "clear":"CLEAR",
        "select" : "Select",
        "selectany" : "Please Select any!",
        "dterror" : "DT should be > 0",
        "dtintegererror" : "DT should be an Integer",
        "wheelsAlert": "Wheels Input Length reached 150 Characters.",
        "workPlanAlert": "WorkPlan Input Length reached 2000 Characters.",
        "openNotesAlert": "OpenNotes Input Length reached 150 Characters.",
        "defectsNameAlert": "Defects Name Input Length reached 50 Characters.",
        "dataNotSaved": "Data Not Saved",
        "sortBy": "Sort By",
        "dataSaved": "Data Saved",
        "selected" : "selected",
        "noDataToSaved": "No Data to Save",
        "inplan" : "In Plan",
        "oos" : "OOS",
        "selectOrg": "Please select a Org first",
        "selectDate": "Please Select a Date first",
        "include": "Include",
        "exclude": "Exclude",
        "only": "Only",
        "checkAll": "Check all",
        "unCheckall": "Uncheck all"
    },
    "SPA":{
        "reportTitle": "Reporte de Pendientes",
        "orgShop": "Organización",
        "roadNum": "Numero de Ruta",
        "fleet": "Flota",
        "trackPos": "Trayectoria/Posición",
        "woStatus": "Status de Orden de Trabajo",
        "dwellTime": "Tiempo de Permanencia",
        "pp":"Ejecutante pobre",
        "repeater": "Repeater",
        "model":"Modelo",
        "tier": "Nivel",
        "woCode": "Código de Orden de Trabajo",
        "liteStd": "Lite/Standard",
        "download": "Descargar",
        "oosLoc": "Ubicación fuera de la Tienda",
        "workPlan": "Plan de Trabajo",
        "reasonShopping": "Razones para Comprar",
        "mods": "Modificaciones",
        "rxs": "Recomendaciones",
        "wheels": "Ruedas",
        "contractType": "Tipo de Contrato de Servicioe",
        "defects": "Defectos",
        "openNotes": "Notas Abiertas",
        "save": "Guardar",
        "history": "Historia",
        "print": "Imprimir",
        "excel": "Exportar a Excel",
        "orgShopExpand": "Organización",
        "roadNumExpand": "Numero de Ruta",
        "trackPosExpand": "Trayectoria/Posición",
        "woStatusExpand": "Status de Orden de Trabajo",
        "dwellTimeExpand": "Tiempo de Permanencia",
        "ppExpand":"Ejecutante pobre",
        "woCodeExpand": "Código de Orden de Trabajo",
        "liteStdExpand": "Lite/Standard",
        "oosLocExpand": "Ubicación fuera de la Tienda",
        "modsExpand": "Modificaciones",
        "rxsExpand": "Recomendaciones",
        "search" : "búsqueda",
        "advancedFilters" : "Filtros avanzados",
        "shop" : "Taller",
        "status" : "Estatus",
        "reasonCode" : "Código de razón",
        "dwelltime" : "Tiempo de permanencia",
        "filter" : "Filtro",
        "nothingtoShow" : "¡ nada que mostrar basado en su búsqueda!",
        "showing" : "Mostrar",
        "outof" : "Fuera de",
        "results" : "Resultados",
        "clear":"CLARO",
        "select" : "Seleccione",
        "selectany" : "Seleccione cualquiera!",
        "dterror" : "DT should be > 0",
        "dtintegererror" : "DT should be an Integer",
        "wheelsAlert": "La longitud de entrada de las ruedas alcanzó 150 caracteres.",
        "workPlanAlert": "La longitud de la entrada del plan de trabajo alcanzó 2000 caracteres.",
        "openNotesAlert": "La longitud de entrada de OpenNotes alcanzó 150 caracteres.",
        "defectsNameAlert": "Defectos nombre la longitud de entrada alcanzó 50 caracteres.",
        "dataNotSaved": "Datos no guardados",
        "sortBy": "Ordenar por",
        "dataSaved": "Datos guardados",
        "selected" : "seleccionado",
        "noDataToSaved": "No hay datos para guardar",
        "inplan" : "En plan",
        "oos" : "OOS",
        "selectOrg": "Seleccione primero una organización",
        "selectDate": "Seleccione primero una fecha",
        "include": "Incluir",
        "exclude": "Excluir",
        "only": "solamente",
        "checkAll": "Seleccione Todas",
        "unCheckall": "anular la selección de todos"
    },
    "FRN":{
        "reportTitle": "Rapport de roulement",
        "orgShop": "Organisation",
        "roadNum": "Numéro de rue/route",
        "fleet": "Flotte",
        "trackPos": "Trajectoire/Position",
        "woStatus": "Status de la demande",
        "dwellTime": "DT (Temps de séjour)",
        "pp":"Performance limitée",
        "repeater": "Repeater",
        "model":"modèle",
        "tier": "Champ",
        "woCode": "numéro de la demande",
        "liteStd": "Limité/Standard",
        "download": "Telecharger",
        "oosLoc": "En dehors de la localistaion principale",
        "workPlan": "Plan de travail",
        "reasonShopping": "Raisons d'achat",
        "mods": "modifications",
        "rxs": "recommendations",
        "wheels": "Roues",
        "contractType": "Type de contrat de service",
        "defects": "Defauts",
        "openNotes": "Notes additionnelles",
        "save": "Sauvegarder",
        "history": "Histoire",
        "print": "Imprimer",
        "excel": "Exporter vers Excel",
        "orgShopExpand": "Organisation",
        "roadNumExpand": "Numéro de rue/route",
        "trackPosExpand": "Trajectoire/Position",
        "woStatusExpand": "Status de la demande",
        "dwellTimeExpand": "DT (Temps de séjour)",
        "ppExpand":"Performance limitée",
        "woCodeExpand": "numéro de la demande",
        "liteStdExpand": "Limité/Standard",
        "oosLocExpand": "En dehors de la localistaion principale",
        "modsExpand": "modifications",
        "rxsExpand": "recommendations",
        "search" : "recherche",
        "advancedFilters" : "Filtres avancés",
        "shop" : "Atelier",
        "status" : "Status",
        "reasonCode" : "Code de raison",
        "dwelltime" : "Temps de logement",
        "filter" : "Filtre",
        "nothingtoShow" : "Rien à montrer en fonction de votre recherche!",
        "showing" : "Montrant",
        "outof" : "Hors de",
        "results" : "Résultats",
        "clear":"CLAIR",
        "select" : "Sélectionnez",
        "selectany" : "Sélectionnez un!",
        "dterror" : "DT should be > 0",
        "dtintegererror" : "DT should be an Integer",
        "wheelsAlert": "La longueur d'entrée des roues a atteint 150 caractères.",
        "workPlanAlert": "La longueur d'entrée du plan de travail atteint 2000 caractères.",
        "openNotesAlert": "La longueur d'entrée des notes ouvertes a atteint 150 caractères.",
        "defectsNameAlert": "Défauts nom longueur d'entrée atteint 50 caractères.",
        "dataNotSaved": "Données non enregistrées",
        "sortBy": "Trier par",
        "dataSaved": "Données sauvegardées",
        "selected" : "choisi",
        "noDataToSaved": "Aucune donnée à enregistrer",
        "inplan" : "Dans le plan",
        "oos" : "OOS",
        "selectOrg": "Veuillez sélectionner une organisation d'abord",
        "selectDate": "Sélectionnez une date en premier",
        "include": "Inclure",
        "exclude": "Exclure",
        "only": "seulement",
        "checkAll": "Sélectionnez Toute la",
        "unCheckall": "désélectionner tous les"
    },
    "CHN":{
        "reportTitle": "周轉報告",
        "orgShop": "组织",
        "roadNum": "公路号码",
        "fleet": "舰队/机群",
        "trackPos":"轨道/位置",
        "woStatus":"工作指令状态",
        "dwellTime":"滞留时间",
        "pp":"表现较差的人",
        "repeater": "Repeater",
        "model":"模型",
        "tier": "层级/等级",
        "woCode": "工作指令代码",
        "liteStd": "轻量级/标准级",
        "download":"下载",
        "oosLoc": "不在位置",
        "workPlan":"工作计划",
        "reasonShopping": "购物的理由",
        "mods":"修改",
        "rxs": "推荐",
        "wheels": "轮子",
        "contractType": "服务合同类型",
        "defects": "缺陷",
        "openNotes":"打开备忘录",
        "save": "保存",
        "history": "历史",
        "print": "打印",
        "excel": "匯出到 excel",
        "orgShopExpand": "组织",
        "roadNumExpand": "公路号码",
        "trackPosExpand": "轨道/位置",
        "woStatusExpand": "工作指令状态",
        "dwellTimeExpand": "滞留时间",
        "ppExpand":"表现较差的人",
        "woCodeExpand": "工作指令代码",
        "liteStdExpand": "轻量级/标准级",
        "oosLocExpand": "不在位置",
        "modsExpand": "修改",
        "rxsExpand": "推荐",
        "search" : "搜索",
        "advancedFilters" : "高級篩選器",
        "shop" : "车间",
        "status" : "状态",
        "reasonCode" : "原因代号",
        "dwelltime" : "停留時間",
        "filter" : "过滤器/筛选",
        "nothingtoShow" : "沒有顯示基於您的搜索!",
        "showing" : "显示",
        "outof" : "出的",
        "results" : "结果",
        "clear":"明確",
        "select" : "选择",
        "selectany" : "請選擇任何！",
        "dterror" : "DT should be > 0",
        "dtintegererror" : "DT should be an Integer",
        "wheelsAlert": "車輪輸入長度達到150字元。",
        "workPlanAlert": "工作計畫輸入長度達到2000個字元。",
        "openNotesAlert": "打開的便箋輸入長度達到150個字元。",
        "defectsNameAlert": "缺陷名稱輸入長度達到50個字元。",
        "dataNotSaved": "資料未保存",
        "sortBy": "筛选",
        "dataSaved": "保存的資料",
        "selected" : "選",
        "noDataToSaved": "沒有要保存的數據",
        "inplan" : "計劃",
        "oos" : "OOS",
        "selectOrg": "請先選擇一個組織",
        "selectDate": "請先選擇一個日期",
        "include": "包括",
        "exclude": "排除",
        "only": "只要",
        "checkAll": "选择 所有",
        "unCheckall": "取消選擇所有"
    },
    "POR":{
        "reportTitle": "Relatorio de mudança de turno",
        "orgShop": "Organização",
        "roadNum": "Número da Rota",
        "fleet": "Frota",
        "trackPos":"Trajetória/Posição",
        "woStatus":"Status da Ordem de Trabalho",
        "dwellTime":"Tempo de Permanência",
        "pp":"Executante Pobre",
        "repeater": "Repeater",
        "model":"Modelo",
        "tier": "Nível",
        "woCode": "Códio de Ordem de Trabalho",
        "liteStd": "Lite/Padrão",
        "download":"Baixar",
        "oosLoc": "Localização fora da loja",
        "workPlan":"Plano de trabalho",
        "reasonShopping":"Razões para comprar",
        "mods":"Modificações",
        "rxs": "Recomendações",
        "wheels": "Rodas",
        "contractType":"Tipo de contrato de serviço",
        "defects": "Defeitos",
        "openNotes":"Notas abertas",
        "save": "Salvar",
        "history": "História",
        "print": "Imprimir",
        "excel": "Exportar para o Excel",
        "orgShopExpand": "Organização",
        "roadNumExpand": "Número da Rota",
        "trackPosExpand": "Trajetória/Posição",
        "woStatusExpand": "Status da Ordem de Trabalho",
        "dwellTimeExpand": "Tempo de Permanência",
        "ppExpand":"Executante Pobre",
        "woCodeExpand": "Códio de Ordem de Trabalho",
        "liteStdExpand": "Lite/Padrão",
        "oosLocExpand": "Localização fora da loja",
        "modsExpand": "Modificações",
        "rxsExpand": "Recomendações",
        "search" : "busca",
        "advancedFilters" : "Filtros avançados",
        "shop" : "Posto",
        "status" : "Status",
        "reasonCode" : "Código da razão",
        "dwelltime" : "Tempo de permanência",
        "filter" : "Filtro",
        "nothingtoShow" : "Nada para mostrar com base em sua busca!",
        "showing" : "Mostrar",
        "outof" : "Fora de",
        "results" : "Resultados",
        "clear":"CLARO",
        "select" : "Selecione",
        "selectany" : "Selecione qualquer!",
        "dterror" : "DT should be > 0",
        "dtintegererror" : "DT should be an Integer",
        "wheelsAlert": "O comprimento da entrada das rodas alcançou 150 caráteres.",
        "workPlanAlert": "Trabalho comprimento de entrada atingiu 2000 caracteres.",
        "openNotesAlert": "Abrir notas de entrada de comprimento atingiu 150 caracteres.",
        "defectsNameAlert": "Defeitos nome comprimento de entrada atingiu 50 caracteres.",
        "dataNotSaved": "Dados não salvos",
        "sortBy": "Filtro por",
        "dataSaved": "Dados salvos",
        "selected" : "selecionado",
        "noDataToSaved": "Não há dados para salvar",
        "inplan" : "Plano",
        "oos" : "OOS",
        "selectOrg": "Selecione uma Organização primeiro",
        "selectDate": "Selecione uma data primeiro",
        "include": "Incluir",
        "exclude": "Excluir",
        "only": "só",
        "checkAll": "Selecione Todas",
        "unCheckall": "desmarcar todos"
    },
    "BAH":{
        "reportTitle": "Laporan omset",
        "orgShop": "Balai Yasa",
        "roadNum": "Nomor Lok",
        "fleet": "Armada",
        "trackPos":"Lintasan/Posisi",
        "woStatus":"Perintah Kerja status",
        "dwellTime":"waktu tinggal",
        "pp":"Berkinerja buruk",
        "repeater": "Repeater",
        "model":"Model",
        "tier": "tingkat",
        "woCode": "Kode pesanan kerja",
        "liteStd": "Lite / standar",
        "download":"Download",
        "oosLoc": "Diluar lokasi toko",
        "workPlan":"Rencana kerja",
        "reasonShopping":"Alasan Belanja",
        "mods":"Modifikasi",
        "rxs": "Rekomendasi",
        "wheels": "Roda",
        "contractType":"Jenis Kontrak Layanan",
        "defects": "Cacat",
        "openNotes":"Buka Catatan",
        "save": "Simpan",
        "history": "sejarah",
        "print": "Mencetak",
        "excel": "Excel",
        "orgShopExpand": "Balai Yasa",
        "roadNumExpand": "Nomor Lok",
        "fleetExpand": "Armada",
        "trackPosExpand":"Lintasan/Posisi",
        "woStatusExpand":"Perintah Kerja status",
        "dwellTimeExpand":"waktu tinggal",
        "ppExpand":"Berkinerja buruk",
        "modelExpand":"Model",
        "tierExpand": "tingkat",
        "woCodeExpand": "Kode pesanan kerja",
        "liteStdExpand": "Lite / standar",
        "downloadExpand":"Download",
        "oosLocExpand": "Diluar lokasi toko",
        "workPlanExpand":"Rencana kerja",
        "reasonShoppingExpand":"Alasan Belanja",
        "modsExpand":"Modifikasi",
        "rxsExpand": "Rekomendasi",
        "search" : "Cari",
        "advancedFilters" : "Penyaring lanjutan",
        "shop" : "Balai Yasa",
        "status" : "Status",
        "reasonCode" : "Kode Alasan",
        "dwelltime" : "Waktu tinggal",
        "filter" : "Filter",
        "nothingtoShow" : "Apa-apa untuk menunjukkan berdasarkan pencarian Anda!",
        "showing" : "Menampilkan",
        "outof" : "Dari",
        "results" : "Hasil",
        "clear":"BERSIH",
        "select" : "Pilih",
        "selectany" : "Silahkan Pilih!",
        "dterror" : "DT harus> 0",
        "dtintegererror" : "DT harus menjadi Integer",
        "wheelsAlert": "Roda Input panjang mencapai 150 karakter.",
        "workPlanAlert": "Rencana kerja Input panjang mencapai 2000 karakter.",
        "openNotesAlert": "Buka catatan Input panjang mencapai 150 karakter.",
        "defectsNameAlert": "Cacat nama Input panjang mencapai 50 karakter.",
        "dataNotSaved": "Data yang tidak disimpan",
        "sortBy": "Urutkan",
        "dataSaved": "Data yang disimpan",
        "selected" : "terpilih",
        "noDataToSaved": "Tidak ada data untuk menyimpan",
        "inplan" : "Rencana",
        "oos" : "OOS",
        "selectOrg": "Silahkan pilih satu Organisasi terlebih dahulu",
        "selectDate": "Silahkan Pilih Tanggal terlebih dahulu",
        "include": "Memasukkan",
        "exclude": "Mengecualikan",
        "only": "hanya",
        "checkAll": "Pilih Seluruh",
        "unCheckall": "membatalkan pilihan semua"
    },
    "RUS":{
        "reportTitle": "Отчет о обороте",
        "orgShop": "Депо",
        "roadNum": "Локомотив номер",
        "fleet": "Парки",
        "trackPos":"Путь/Рабочая позиция",
        "woStatus":"Наряды на работы статус",
        "dwellTime":"Время ожидания",
        "pp":"Плохой исполнитель",
        "repeater": "Repeater",
        "model":"Модель",
        "tier": "Класс экологических норм",
        "woCode": "Код заказа на работу",
        "liteStd": "облегченный / стандартный",
        "download":"скачать",
        "oosLoc": "Местонахождение магазина",
        "workPlan":"План работы",
        "reasonShopping":"Причины для покупки",
        "mods":"изменения",
        "rxs": "рекомендации",
        "wheels": "колеса",
        "contractType":"Тип контракта на обслуживание",
        "defects": "Дефект",
        "openNotes":"Открыть заметки",
        "save": "Сохранить",
        "history": "Архив",
        "print": "Печать",
        "excel": "Excel",
        "orgShopExpand": "Депо",
        "roadNumExpand": "Локомотив номер",
        "fleetExpand": "Парки",
        "trackPosExpand":"Путь/Рабочая позиция",
        "woStatusExpand":"Наряды на работы статус",
        "dwellTimeExpand":"Время ожидания",
        "ppExpand":"Плохой исполнитель",
        "modelExpand":"Модель",
        "tierExpand": "Класс экологических норм",
        "woCodeExpand": "Код заказа на работу",
        "liteStdExpand": "облегченный / стандартный",
        "downloadExpand":"скачать",
        "oosLocExpand": "Местонахождение магазина",
        "workPlanExpand":"План работы",
        "reasonShoppingExpand":"Причины для покупки",
        "modsExpand":"изменения",
        "rxsExpand": "рекомендации",
        "search" : "поиска",
        "advancedFilters" : "Расширенные фильтры",
        "shop" : "Депо",
        "status" : "Статус",
        "reasonCode" : "Код причины",
        "dwelltime" : "Время проживания",
        "filter" : "фильтр",
        "nothingtoShow" : "Нечего показывать в соответствии с поиском!",
        "showing" : "Показать",
        "outof" : "Из",
        "results" : "Результаты",
        "clear":"ЧИСТО",
        "select" : "Выберите",
        "selectany" : "Выберите любой!",
        "dterror" : "DT должен быть> 0",
        "dtintegererror" : "DT должен быть целым",
        "wheelsAlert": "Длина входной длины колес достигла 150 символов.",
        "workPlanAlert": "Длина входного плана работы достигла 2000 символов.",
        "openNotesAlert": "Длина входной длины заметок достигла 150 символов.",
        "defectsNameAlert": "Длина входной длины имени дефекта достигла 50 символов.",
        "dataNotSaved": "Данные не сохранены",
        "sortBy": "Сортировать по",
        "dataSaved": "Сохраненные данные",
        "selected" : "выбранный",
        "noDataToSaved": "Нет данных для сохранения",
        "inplan" : "План",
        "oos" : "OOS",
        "selectOrg": "Сначала выберите организацию",
        "selectDate": "Пожалуйста, выберите дату сначала",
        "include": "Включают",
        "exclude": "исключать",
        "only": "только",
        "checkAll": "Выберите Bce",
        "unCheckall": "не выбрать все"
    }
}