<configuration>
    
  <conversionRule conversionWord="coloredLevel" converterClass="play.api.Logger$ColoredLevel" />

  <appender name="STDOUT" class="ch.qos.logback.core.ConsoleAppender">
    <encoder>
      <pattern>%coloredLevel - %logger - %message%n%xException</pattern>
    </encoder>
  </appender>
  
  <property name="PLAY_LOG" value="/app/instances/play/logs" />
  
  <appender name="FILE-AUDIT"
	class="ch.qos.logback.core.rolling.RollingFileAppender">
	<file>${PLAY_LOG}/workorder_play.log</file>
	<encoder class="ch.qos.logback.classic.encoder.PatternLayoutEncoder">
		<Pattern>
			%d{yyyy-MM-dd HH:mm:ss} - %msg%n
		</Pattern>
	</encoder>

	<rollingPolicy class="ch.qos.logback.core.rolling.TimeBasedRollingPolicy">
		<!-- rollover daily -->
		<fileNamePattern>${PLAY_LOG}/archived/workorder_play.%d{yyyy-MM-dd}.%i.log
		</fileNamePattern>
		<timeBasedFileNamingAndTriggeringPolicy
			class="ch.qos.logback.core.rolling.SizeAndTimeBasedFNATP">
			<maxFileSize>10MB</maxFileSize>
		</timeBasedFileNamingAndTriggeringPolicy>
	</rollingPolicy>

</appender>

  <!--
    The logger name is typically the Java/Scala package name.
    This configures the log level to log at for a package and its children packages.
  -->
  <logger name="controllers" level="DEBUG" >
  	<appender-ref ref="STDOUT" />
     <appender-ref ref="FILE-AUDIT" />
  </logger>
  
   <logger name="services" level="DEBUG" >
  	<appender-ref ref="STDOUT" />
     <appender-ref ref="FILE-AUDIT" />
  </logger>
  
  <logger name="application" level="DEBUG" />

  <root level="ERROR">
    <appender-ref ref="STDOUT" />
     <appender-ref ref="FILE-AUDIT" />
  </root>

</configuration>

