{
  "customers": [
    {
      "id": 1,
      "firstName": "Ross",
      "lastName": "Geller",
      "address": "West Street",
      "gender": "female"
    },
    {
      "id": 2,
      "firstName": "Monica",
      "lastName": "Geller",
      "address": "Street",
      "gender": "female"
    },
    {
      "id": 3,
      "firstName": "Joe",
      "lastName": "Geller",
      "address": "West Street",
      "gender": "male"
    },
    {
      "id": 4,
      "firstName": "Yallaling",
      "lastName": "Geller",
      "address": "West",
      "gender": "male"
    },
    {
      "id": 5,
      "firstName": "Mishra",
      "lastName": "Geller",
      "address": "West Street",
      "gender": "female"
    }
  ],
  "orders": [
    {"id":100, "product":"iphone7", "price":80000.00, "customer_id":3},
    {"id":101, "product":"iphone8", "price":90000.00, "customer_id":1},
    {"id":102, "product":"Asus", "price":100000.00, "customer_id":3}
  ]
}