[{"uri":"/IR/BNSF5005","fleet":"/fleets/bn-1","esrvLocomotiveId":"40199","eoaVehicleNumber":"99104","assetHeader":"BNSF","assetNumber":"5001","type":"D9","model":"9-44CW","emission_tier":"1+","lastKnownLocation":{"lat":33.914605,"lng":-117.253374,"source":"ATS","last_updated":"2016-06-17T11:54:37Z"},"lastWorkOrder":{"number":"BNSF-5000-0092","reason":"RM","status_code":"300","status_date":"2016-06-17T11:54:37Z","location_id":122,"location_name":"Kansas City CSC","statistics":{"wsa_tasks":"226:223","fmi_tasks":"31:31","rx_tasts":"74:73","defects":"32:22","material":"26:17","download_flt":"3","download_cab":"2","download_egu":"2","download_dmt":"2","download_mwhrs":"Y","bad_actor":null,"last_updated":"2016-06-17T11:54:37Z"},"location_track":"17","location_position":"2","location_direction":"E"}},{"uri":"/IR/BNSF5006","fleet":"/fleets/bn-2","esrvLocomotiveId":"40199","eoaVehicleNumber":"99104","assetHeader":"BNSF","assetNumber":"5034","type":"D9","model":"9-44CW","emission_tier":"1+","lastKnownLocation":{"lat":33.914605,"lng":-117.253374,"source":"ATS","last_updated":"2016-06-17T11:54:37Z"},"lastWorkOrder":{"number":"BNSF-5000-0092","reason":"RM","status_code":"300","status_date":"2016-06-17T11:54:37Z","location_id":122,"location_name":"Kansas City CSC","statistics":{"wsa_tasks":"226:223","fmi_tasks":"31:31","rx_tasts":"74:73","defects":"32:22","material":"26:17","download_flt":"3","download_cab":"2","download_egu":"2","download_dmt":"2","download_mwhrs":"Y","bad_actor":null,"last_updated":"2016-06-17T11:54:37Z"},"location_track":"17","location_position":"2","location_direction":"E"}},{"uri":"/IR/BNSF5007","fleet":"/fleets/bn-2","esrvLocomotiveId":"40199","eoaVehicleNumber":"99104","assetHeader":"BNSF","assetNumber":"5010","type":"D9","model":"9-44CW","emission_tier":"1+","lastKnownLocation":{"lat":33.914605,"lng":-117.253374,"source":"ATS","last_updated":"2016-06-17T11:54:37Z"},"lastWorkOrder":{"number":"BNSF-5000-0092","reason":"RM","status_code":"300","status_date":"2016-06-17T11:54:37Z","location_id":122,"location_name":"Kansas City CSC","statistics":{"wsa_tasks":"226:223","fmi_tasks":"31:31","rx_tasts":"74:73","defects":"32:22","material":"26:17","download_flt":"3","download_cab":"2","download_egu":"2","download_dmt":"2","download_mwhrs":"Y","bad_actor":null,"last_updated":"2016-06-17T11:54:37Z"},"location_track":"17","location_position":"2","location_direction":"E"}},{"uri":"/IR/BNSF5008","fleet":"/fleets/bn-2","esrvLocomotiveId":"40199","eoaVehicleNumber":"99104","assetHeader":"BNSF","assetNumber":"5011","type":"D9","model":"9-44CW","emission_tier":"1+","lastKnownLocation":{"lat":33.914605,"lng":-117.253374,"source":"ATS","last_updated":"2016-06-17T11:54:37Z"},"lastWorkOrder":{"number":"BNSF-5000-0092","reason":"RM","status_code":"300","status_date":"2016-06-17T11:54:37Z","location_id":122,"location_name":"Kansas City CSC","statistics":{"wsa_tasks":"226:223","fmi_tasks":"31:31","rx_tasts":"74:73","defects":"32:22","material":"26:17","download_flt":"3","download_cab":"2","download_egu":"2","download_dmt":"2","download_mwhrs":"Y","bad_actor":null,"last_updated":"2016-06-17T11:54:37Z"},"location_track":"17","location_position":"2","location_direction":"E"}},{"uri":"/IR/BNSF5009","fleet":"/fleets/bn-2","esrvLocomotiveId":"40199","eoaVehicleNumber":"99104","assetHeader":"BNSF","assetNumber":"5005","type":"D9","model":"9-44CW","emission_tier":"1+","lastKnownLocation":{"lat":33.914605,"lng":-117.253374,"source":"ATS","last_updated":"2016-06-17T11:54:37Z"},"lastWorkOrder":{"number":"BNSF-5000-0092","reason":"RM","status_code":"300","status_date":"2016-06-17T11:54:37Z","location_id":122,"location_name":"Kansas City CSC","statistics":{"wsa_tasks":"226:223","fmi_tasks":"31:31","rx_tasts":"74:73","defects":"32:22","material":"26:17","download_flt":"3","download_cab":"2","download_egu":"2","download_dmt":"2","download_mwhrs":"Y","bad_actor":null,"last_updated":"2016-06-17T11:54:37Z"},"location_track":"17","location_position":"2","location_direction":"E"}},{"uri":"/IR/BNSF5010","fleet":"/fleets/bn-2","esrvLocomotiveId":"40199","eoaVehicleNumber":"99104","assetHeader":"BNSF","assetNumber":"5006","type":"D9","model":"9-44CW","emission_tier":"1+","lastKnownLocation":{"lat":33.914605,"lng":-117.253374,"source":"ATS","last_updated":"2016-06-17T11:54:37Z"},"lastWorkOrder":{"number":"BNSF-5000-0092","reason":"RM","status_code":"300","status_date":"2016-06-17T11:54:37Z","location_id":122,"location_name":"Kansas City CSC","statistics":{"wsa_tasks":"226:223","fmi_tasks":"31:31","rx_tasts":"74:73","defects":"32:22","material":"26:17","download_flt":"3","download_cab":"2","download_egu":"2","download_dmt":"2","download_mwhrs":"Y","bad_actor":null,"last_updated":"2016-06-17T11:54:37Z"},"location_track":"17","location_position":"2","location_direction":"E"}},{"uri":"/IR/BNSF5011","fleet":"/fleets/bn-2","esrvLocomotiveId":"40199","eoaVehicleNumber":"99104","assetHeader":"BNSF","assetNumber":"5012","type":"D9","model":"9-44CW","emission_tier":"1+","lastKnownLocation":{"lat":33.914605,"lng":-117.253374,"source":"ATS","last_updated":"2016-06-17T11:54:37Z"},"lastWorkOrder":{"number":"BNSF-5000-0092","reason":"RM","status_code":"300","status_date":"2016-06-17T11:54:37Z","location_id":122,"location_name":"Kansas City CSC","statistics":{"wsa_tasks":"226:223","fmi_tasks":"31:31","rx_tasts":"74:73","defects":"32:22","material":"26:17","download_flt":"3","download_cab":"2","download_egu":"2","download_dmt":"2","download_mwhrs":"Y","bad_actor":null,"last_updated":"2016-06-17T11:54:37Z"},"location_track":"17","location_position":"2","location_direction":"E"}},{"uri":"/IR/BNSF5012","fleet":"/fleets/bn-2","esrvLocomotiveId":"40199","eoaVehicleNumber":"99104","assetHeader":"BNSF","assetNumber":"5013","type":"D9","model":"9-44CW","emission_tier":"1+","lastKnownLocation":{"lat":33.914605,"lng":-117.253374,"source":"ATS","last_updated":"2016-06-17T11:54:37Z"},"lastWorkOrder":{"number":"BNSF-5000-0092","reason":"RM","status_code":"300","status_date":"2016-06-17T11:54:37Z","location_id":122,"location_name":"Kansas City CSC","statistics":{"wsa_tasks":"226:223","fmi_tasks":"31:31","rx_tasts":"74:73","defects":"32:22","material":"26:17","download_flt":"3","download_cab":"2","download_egu":"2","download_dmt":"2","download_mwhrs":"Y","bad_actor":null,"last_updated":"2016-06-17T11:54:37Z"},"location_track":"17","location_position":"2","location_direction":"E"}},{"uri":"/IR/BNSF5013","fleet":"/fleets/bn-2","esrvLocomotiveId":"40199","eoaVehicleNumber":"99104","assetHeader":"BNSF","assetNumber":"5014","type":"D9","model":"9-44CW","emission_tier":"1+","lastKnownLocation":{"lat":33.914605,"lng":-117.253374,"source":"ATS","last_updated":"2016-06-17T11:54:37Z"},"lastWorkOrder":{"number":"BNSF-5000-0092","reason":"RM","status_code":"300","status_date":"2016-06-17T11:54:37Z","location_id":122,"location_name":"Kansas City CSC","statistics":{"wsa_tasks":"226:223","fmi_tasks":"31:31","rx_tasts":"74:73","defects":"32:22","material":"26:17","download_flt":"3","download_cab":"2","download_egu":"2","download_dmt":"2","download_mwhrs":"Y","bad_actor":null,"last_updated":"2016-06-17T11:54:37Z"},"location_track":"17","location_position":"2","location_direction":"E"}},{"uri":"/IR/BNSF5014","fleet":"/fleets/bn-2","esrvLocomotiveId":"40199","eoaVehicleNumber":"99104","assetHeader":"BNSF","assetNumber":"5015","type":"D9","model":"9-44CW","emission_tier":"1+","lastKnownLocation":{"lat":33.914605,"lng":-117.253374,"source":"ATS","last_updated":"2016-06-17T11:54:37Z"},"lastWorkOrder":{"number":"BNSF-5000-0092","reason":"RM","status_code":"300","status_date":"2016-06-17T11:54:37Z","location_id":122,"location_name":"Kansas City CSC","statistics":{"wsa_tasks":"226:223","fmi_tasks":"31:31","rx_tasts":"74:73","defects":"32:22","material":"26:17","download_flt":"3","download_cab":"2","download_egu":"2","download_dmt":"2","download_mwhrs":"Y","bad_actor":null,"last_updated":"2016-06-17T11:54:37Z"},"location_track":"17","location_position":"2","location_direction":"E"}},{"uri":"/IR/BNSF5015","fleet":"/fleets/bn-2","esrvLocomotiveId":"40199","eoaVehicleNumber":"99104","assetHeader":"BNSF","assetNumber":"5016","type":"D9","model":"9-44CW","emission_tier":"1+","lastKnownLocation":{"lat":33.914605,"lng":-117.253374,"source":"ATS","last_updated":"2016-06-17T11:54:37Z"},"lastWorkOrder":{"number":"BNSF-5000-0092","reason":"RM","status_code":"300","status_date":"2016-06-17T11:54:37Z","location_id":122,"location_name":"Kansas City CSC","statistics":{"wsa_tasks":"226:223","fmi_tasks":"31:31","rx_tasts":"74:73","defects":"32:22","material":"26:17","download_flt":"3","download_cab":"2","download_egu":"2","download_dmt":"2","download_mwhrs":"Y","bad_actor":null,"last_updated":"2016-06-17T11:54:37Z"},"location_track":"17","location_position":"2","location_direction":"E"}},{"uri":"/IR/BNSF5016","fleet":"/fleets/bn-2","esrvLocomotiveId":"40199","eoaVehicleNumber":"99104","assetHeader":"BNSF","assetNumber":"5017","type":"D9","model":"9-44CW","emission_tier":"1+","lastKnownLocation":{"lat":33.914605,"lng":-117.253374,"source":"ATS","last_updated":"2016-06-17T11:54:37Z"},"lastWorkOrder":{"number":"BNSF-5000-0092","reason":"RM","status_code":"300","status_date":"2016-06-17T11:54:37Z","location_id":122,"location_name":"Kansas City CSC","statistics":{"wsa_tasks":"226:223","fmi_tasks":"31:31","rx_tasts":"74:73","defects":"32:22","material":"26:17","download_flt":"3","download_cab":"2","download_egu":"2","download_dmt":"2","download_mwhrs":"Y","bad_actor":null,"last_updated":"2016-06-17T11:54:37Z"},"location_track":"17","location_position":"2","location_direction":"E"}},{"uri":"/IR/BNSF5017","fleet":"/fleets/bn-2","esrvLocomotiveId":"40199","eoaVehicleNumber":"99104","assetHeader":"BNSF","assetNumber":"5018","type":"D9","model":"9-44CW","emission_tier":"1+","lastKnownLocation":{"lat":33.914605,"lng":-117.253374,"source":"ATS","last_updated":"2016-06-17T11:54:37Z"},"lastWorkOrder":{"number":"BNSF-5000-0092","reason":"RM","status_code":"300","status_date":"2016-06-17T11:54:37Z","location_id":122,"location_name":"Kansas City CSC","statistics":{"wsa_tasks":"226:223","fmi_tasks":"31:31","rx_tasts":"74:73","defects":"32:22","material":"26:17","download_flt":"3","download_cab":"2","download_egu":"2","download_dmt":"2","download_mwhrs":"Y","bad_actor":null,"last_updated":"2016-06-17T11:54:37Z"},"location_track":"17","location_position":"2","location_direction":"E"}},{"uri":"/IR/BNSF5018","fleet":"/fleets/bn-2","esrvLocomotiveId":"40199","eoaVehicleNumber":"99104","assetHeader":"BNSF","assetNumber":"5019","type":"D9","model":"9-44CW","emission_tier":"1+","lastKnownLocation":{"lat":33.914605,"lng":-117.253374,"source":"ATS","last_updated":"2016-06-17T11:54:37Z"},"lastWorkOrder":{"number":"BNSF-5000-0092","reason":"RM","status_code":"300","status_date":"2016-06-17T11:54:37Z","location_id":122,"location_name":"Kansas City CSC","statistics":{"wsa_tasks":"226:223","fmi_tasks":"31:31","rx_tasts":"74:73","defects":"32:22","material":"26:17","download_flt":"3","download_cab":"2","download_egu":"2","download_dmt":"2","download_mwhrs":"Y","bad_actor":null,"last_updated":"2016-06-17T11:54:37Z"},"location_track":"17","location_position":"2","location_direction":"E"}},{"uri":"/IR/BNSF5019","fleet":"/fleets/bn-2","esrvLocomotiveId":"40199","eoaVehicleNumber":"99104","assetHeader":"BNSF","assetNumber":"5020","type":"D9","model":"9-44CW","emission_tier":"1+","lastKnownLocation":{"lat":33.914605,"lng":-117.253374,"source":"ATS","last_updated":"2016-06-17T11:54:37Z"},"lastWorkOrder":{"number":"BNSF-5000-0092","reason":"RM","status_code":"300","status_date":"2016-06-17T11:54:37Z","location_id":122,"location_name":"Kansas City CSC","statistics":{"wsa_tasks":"226:223","fmi_tasks":"31:31","rx_tasts":"74:73","defects":"32:22","material":"26:17","download_flt":"3","download_cab":"2","download_egu":"2","download_dmt":"2","download_mwhrs":"Y","bad_actor":null,"last_updated":"2016-06-17T11:54:37Z"},"location_track":"17","location_position":"2","location_direction":"E"}},{"uri":"/IR/BNSF5020","fleet":"/fleets/bn-2","esrvLocomotiveId":"40199","eoaVehicleNumber":"99104","assetHeader":"BNSF","assetNumber":"5021","type":"D9","model":"9-44CW","emission_tier":"1+","lastKnownLocation":{"lat":33.914605,"lng":-117.253374,"source":"ATS","last_updated":"2016-06-17T11:54:37Z"},"lastWorkOrder":{"number":"BNSF-5000-0092","reason":"RM","status_code":"300","status_date":"2016-06-17T11:54:37Z","location_id":122,"location_name":"Kansas City CSC","statistics":{"wsa_tasks":"226:223","fmi_tasks":"31:31","rx_tasts":"74:73","defects":"32:22","material":"26:17","download_flt":"3","download_cab":"2","download_egu":"2","download_dmt":"2","download_mwhrs":"Y","bad_actor":null,"last_updated":"2016-06-17T11:54:37Z"},"location_track":"17","location_position":"2","location_direction":"E"}},{"uri":"/IR/BNSF5021","fleet":"/fleets/bn-2","esrvLocomotiveId":"40199","eoaVehicleNumber":"99104","assetHeader":"BNSF","assetNumber":"5022","type":"D9","model":"9-44CW","emission_tier":"1+","lastKnownLocation":{"lat":33.914605,"lng":-117.253374,"source":"ATS","last_updated":"2016-06-17T11:54:37Z"},"lastWorkOrder":{"number":"BNSF-5000-0092","reason":"RM","status_code":"300","status_date":"2016-06-17T11:54:37Z","location_id":122,"location_name":"Kansas City CSC","statistics":{"wsa_tasks":"226:223","fmi_tasks":"31:31","rx_tasts":"74:73","defects":"32:22","material":"26:17","download_flt":"3","download_cab":"2","download_egu":"2","download_dmt":"2","download_mwhrs":"Y","bad_actor":null,"last_updated":"2016-06-17T11:54:37Z"},"location_track":"17","location_position":"2","location_direction":"E"}},{"uri":"/IR/BNSF5022","fleet":"/fleets/bn-2","esrvLocomotiveId":"40199","eoaVehicleNumber":"99104","assetHeader":"BNSF","assetNumber":"5023","type":"D9","model":"9-44CW","emission_tier":"1+","lastKnownLocation":{"lat":33.914605,"lng":-117.253374,"source":"ATS","last_updated":"2016-06-17T11:54:37Z"},"lastWorkOrder":{"number":"BNSF-5000-0092","reason":"RM","status_code":"300","status_date":"2016-06-17T11:54:37Z","location_id":122,"location_name":"Kansas City CSC","statistics":{"wsa_tasks":"226:223","fmi_tasks":"31:31","rx_tasts":"74:73","defects":"32:22","material":"26:17","download_flt":"3","download_cab":"2","download_egu":"2","download_dmt":"2","download_mwhrs":"Y","bad_actor":null,"last_updated":"2016-06-17T11:54:37Z"},"location_track":"17","location_position":"2","location_direction":"E"}}]