{
   "lovEntry":null,
   "customerLovEntries":[
      {
         "Customer":"ALLH",
         "customerId":44897,
         "Lov":[
            {
               "Id":75401,
               "Value":"ALLH~ReportedGassing~Reported gassing (ALL)",
               "IsDefect":false,
               "SortSequence":10,
               "lookupType":"ALL",
               "lookupTypeId":"ALL",
               "Description":{
                  "es-MX":"Reporte de gases",
                  "fr-FR":null,
                  "en-US":"Reported gassing (ALL)"
               }
            },
            {
               "Id":75402,
               "Value":"ALLH~Frozen~Frozen (ALL)",
               "IsDefect":false,
               "SortSequence":20,
               "lookupType":"ALL",
               "lookupTypeId":"ALL",
               "Description":{
                  "es-MX":"Congeladas",
                  "fr-FR":null,
                  "en-US":"Frozen (ALL)"
               }
            },
            {
               "Id":75403,
               "Value":"ALLH~PhysicalDamage~Physical damage (ALL)",
               "IsDefect":false,
               "SortSequence":30,
               "lookupType":"ALL",
               "lookupTypeId":"ALL",
               "Description":{
                  "es-MX":"Da?o f?sico",
                  "fr-FR":null,
                  "en-US":"Physical damage (ALL)"
               }
            },
            {
               "Id":75404,
               "Value":"ALLH~NoneOfTheAbove~None of the above (ALL)",
               "IsDefect":false,
               "SortSequence":40,
               "lookupType":"ALL",
               "lookupTypeId":"ALL",
               "Description":{
                  "es-MX":"Ninguna de las mencionadas",
                  "fr-FR":null,
                  "en-US":"None of the above (ALL)"
               }
            }
         ]
      },
      {
         "Customer":"BNSF",
         "customerId":1041,
         "Lov":[
            {
               "Id":25407,
               "Value":"BNSF~ReportedGassing~Reported gassing (ALL)",
               "IsDefect":false,
               "SortSequence":10,
               "lookupType":"ALL",
               "lookupTypeId":"ALL",
               "Description":{
                  "es-MX":"Reporte de gases",
                  "fr-FR":null,
                  "en-US":"Reported gassing (ALL)"
               }
            },
            {
               "Id":25408,
               "Value":"BNSF~Frozen~Frozen (ALL)",
               "IsDefect":false,
               "SortSequence":20,
               "lookupType":"ALL",
               "lookupTypeId":"ALL",
               "Description":{
                  "es-MX":"Congeladas",
                  "fr-FR":null,
                  "en-US":"Frozen (ALL)"
               }
            },
            {
               "Id":25409,
               "Value":"BNSF~PhysicalDamage~Physical damage (ALL)",
               "IsDefect":false,
               "SortSequence":30,
               "lookupType":"ALL",
               "lookupTypeId":"ALL",
               "Description":{
                  "es-MX":"Da?o f?sico",
                  "fr-FR":null,
                  "en-US":"Physical damage (ALL)"
               }
            },
            {
               "Id":25410,
               "Value":"BNSF~NoneOfTheAbove~None of the above (ALL)",
               "IsDefect":false,
               "SortSequence":40,
               "lookupType":"ALL",
               "lookupTypeId":"ALL",
               "Description":{
                  "es-MX":"Ninguna de las mencionadas",
                  "fr-FR":null,
                  "en-US":"None of the above (ALL)"
               }
            }
         ]
      },
      {
         "Customer":"CN",
         "customerId":1011,
         "Lov":[
            {
               "Id":25411,
               "Value":"CN~ReportedGassing~Reported gassing (ALL)",
               "IsDefect":false,
               "SortSequence":10,
               "lookupType":"ALL",
               "lookupTypeId":"ALL",
               "Description":{
                  "es-MX":"Reporte de gases",
                  "fr-FR":null,
                  "en-US":"Reported gassing (ALL)"
               }
            },
            {
               "Id":25412,
               "Value":"CN~Frozen~Frozen (ALL)",
               "IsDefect":false,
               "SortSequence":20,
               "lookupType":"ALL",
               "lookupTypeId":"ALL",
               "Description":{
                  "es-MX":"Congeladas",
                  "fr-FR":null,
                  "en-US":"Frozen (ALL)"
               }
            },
            {
               "Id":25413,
               "Value":"CN~PhysicalDamage~Physical damage (ALL)",
               "IsDefect":false,
               "SortSequence":30,
               "lookupType":"ALL",
               "lookupTypeId":"ALL",
               "Description":{
                  "es-MX":"Da?o f?sico",
                  "fr-FR":null,
                  "en-US":"Physical damage (ALL)"
               }
            },
            {
               "Id":25414,
               "Value":"CN~NoneOfTheAbove~None of the above (ALL)",
               "IsDefect":false,
               "SortSequence":40,
               "lookupType":"ALL",
               "lookupTypeId":"ALL",
               "Description":{
                  "es-MX":"Ninguna de las mencionadas",
                  "fr-FR":null,
                  "en-US":"None of the above (ALL)"
               }
            }
         ]
      },
      {
         "Customer":"CP",
         "customerId":1023,
         "Lov":[
            {
               "Id":25415,
               "Value":"CP~ReportedGassing~Reported gassing (ALL)",
               "IsDefect":false,
               "SortSequence":10,
               "lookupType":"ALL",
               "lookupTypeId":"ALL",
               "Description":{
                  "es-MX":"Reporte de gases",
                  "fr-FR":null,
                  "en-US":"Reported gassing (ALL)"
               }
            },
            {
               "Id":25416,
               "Value":"CP~Frozen~Frozen (ALL)",
               "IsDefect":false,
               "SortSequence":20,
               "lookupType":"ALL",
               "lookupTypeId":"ALL",
               "Description":{
                  "es-MX":"Congeladas",
                  "fr-FR":null,
                  "en-US":"Frozen (ALL)"
               }
            },
            {
               "Id":25417,
               "Value":"CP~PhysicalDamage~Physical damage (ALL)",
               "IsDefect":false,
               "SortSequence":30,
               "lookupType":"ALL",
               "lookupTypeId":"ALL",
               "Description":{
                  "es-MX":"Da?o f?sico",
                  "fr-FR":null,
                  "en-US":"Physical damage (ALL)"
               }
            },
            {
               "Id":25418,
               "Value":"CP~NoneOfTheAbove~None of the above (ALL)",
               "IsDefect":false,
               "SortSequence":40,
               "lookupType":"ALL",
               "lookupTypeId":"ALL",
               "Description":{
                  "es-MX":"Ninguna de las mencionadas",
                  "fr-FR":null,
                  "en-US":"None of the above (ALL)"
               }
            }
         ]
      },
      {
         "Customer":"CREX",
         "customerId":26211,
         "Lov":[
            {
               "Id":31152,
               "Value":"CREX~ReportedGassing~Reported gassing (ALL)",
               "IsDefect":false,
               "SortSequence":10,
               "lookupType":"ALL",
               "lookupTypeId":"ALL",
               "Description":{
                  "es-MX":"Reporte de gases",
                  "fr-FR":null,
                  "en-US":"Reported gassing (ALL)"
               }
            },
            {
               "Id":31153,
               "Value":"CREX~Frozen~Frozen (ALL)",
               "IsDefect":false,
               "SortSequence":20,
               "lookupType":"ALL",
               "lookupTypeId":"ALL",
               "Description":{
                  "es-MX":"Congeladas",
                  "fr-FR":null,
                  "en-US":"Frozen (ALL)"
               }
            },
            {
               "Id":31154,
               "Value":"CREX~PhysicalDamage~Physical damage (ALL)",
               "IsDefect":false,
               "SortSequence":30,
               "lookupType":"ALL",
               "lookupTypeId":"ALL",
               "Description":{
                  "es-MX":"Da?o f?sico",
                  "fr-FR":null,
                  "en-US":"Physical damage (ALL)"
               }
            },
            {
               "Id":31155,
               "Value":"CREX~NoneOfTheAbove~None of the above (ALL)",
               "IsDefect":false,
               "SortSequence":40,
               "lookupType":"ALL",
               "lookupTypeId":"ALL",
               "Description":{
                  "es-MX":"Ninguna de las mencionadas",
                  "fr-FR":null,
                  "en-US":"None of the above (ALL)"
               }
            }
         ]
      },
      {
         "Customer":"CSX",
         "customerId":1119,
         "Lov":[
            {
               "Id":25419,
               "Value":"CSX~ReportedGassing~Reported gassing (ALL)",
               "IsDefect":false,
               "SortSequence":10,
               "lookupType":"ALL",
               "lookupTypeId":"ALL",
               "Description":{
                  "es-MX":"Reporte de gases",
                  "fr-FR":null,
                  "en-US":"Reported gassing (ALL)"
               }
            },
            {
               "Id":25420,
               "Value":"CSX~Frozen~Frozen (ALL)",
               "IsDefect":false,
               "SortSequence":20,
               "lookupType":"ALL",
               "lookupTypeId":"ALL",
               "Description":{
                  "es-MX":"Congeladas",
                  "fr-FR":null,
                  "en-US":"Frozen (ALL)"
               }
            },
            {
               "Id":25421,
               "Value":"CSX~PhysicalDamage~Physical damage (ALL)",
               "IsDefect":false,
               "SortSequence":30,
               "lookupType":"ALL",
               "lookupTypeId":"ALL",
               "Description":{
                  "es-MX":"Da?o f?sico",
                  "fr-FR":null,
                  "en-US":"Physical damage (ALL)"
               }
            },
            {
               "Id":25422,
               "Value":"CSX~NoneOfTheAbove~None of the above (ALL)",
               "IsDefect":false,
               "SortSequence":40,
               "lookupType":"ALL",
               "lookupTypeId":"ALL",
               "Description":{
                  "es-MX":"Ninguna de las mencionadas",
                  "fr-FR":null,
                  "en-US":"None of the above (ALL)"
               }
            }
         ]
      },
      {
         "Customer":"FEC",
         "customerId":34917,
         "Lov":[
            {
               "Id":67136,
               "Value":"FEC~ReportedGassing~Reported gassing (ALL)",
               "IsDefect":false,
               "SortSequence":10,
               "lookupType":"ALL",
               "lookupTypeId":"ALL",
               "Description":{
                  "es-MX":"Reporte de gases",
                  "fr-FR":null,
                  "en-US":"Reported gassing (ALL)"
               }
            },
            {
               "Id":67137,
               "Value":"FEC~Frozen~Frozen (ALL)",
               "IsDefect":false,
               "SortSequence":20,
               "lookupType":"ALL",
               "lookupTypeId":"ALL",
               "Description":{
                  "es-MX":"Congeladas",
                  "fr-FR":null,
                  "en-US":"Frozen (ALL)"
               }
            },
            {
               "Id":67138,
               "Value":"FEC~PhysicalDamage~Physical damage (ALL)",
               "IsDefect":false,
               "SortSequence":30,
               "lookupType":"ALL",
               "lookupTypeId":"ALL",
               "Description":{
                  "es-MX":"Da?o f?sico",
                  "fr-FR":null,
                  "en-US":"Physical damage (ALL)"
               }
            },
            {
               "Id":67139,
               "Value":"FEC~NoneOfTheAbove~None of the above (ALL)",
               "IsDefect":false,
               "SortSequence":40,
               "lookupType":"ALL",
               "lookupTypeId":"ALL",
               "Description":{
                  "es-MX":"Ninguna de las mencionadas",
                  "fr-FR":null,
                  "en-US":"None of the above (ALL)"
               }
            }
         ]
      },
      {
         "Customer":"FMX",
         "customerId":1247,
         "Lov":[
            {
               "Id":25423,
               "Value":"FMX~ReportedGassing~Reported gassing (ALL)",
               "IsDefect":false,
               "SortSequence":10,
               "lookupType":"ALL",
               "lookupTypeId":"ALL",
               "Description":{
                  "es-MX":"Reporte de gases",
                  "fr-FR":null,
                  "en-US":"Reported gassing (ALL)"
               }
            },
            {
               "Id":25424,
               "Value":"FMX~Frozen~Frozen (ALL)",
               "IsDefect":false,
               "SortSequence":20,
               "lookupType":"ALL",
               "lookupTypeId":"ALL",
               "Description":{
                  "es-MX":"Congeladas",
                  "fr-FR":null,
                  "en-US":"Frozen (ALL)"
               }
            },
            {
               "Id":25425,
               "Value":"FMX~PhysicalDamage~Physical damage (ALL)",
               "IsDefect":false,
               "SortSequence":30,
               "lookupType":"ALL",
               "lookupTypeId":"ALL",
               "Description":{
                  "es-MX":"Da?o f?sico",
                  "fr-FR":null,
                  "en-US":"Physical damage (ALL)"
               }
            },
            {
               "Id":25426,
               "Value":"FMX~NoneOfTheAbove~None of the above (ALL)",
               "IsDefect":false,
               "SortSequence":40,
               "lookupType":"ALL",
               "lookupTypeId":"ALL",
               "Description":{
                  "es-MX":"Ninguna de las mencionadas",
                  "fr-FR":null,
                  "en-US":"None of the above (ALL)"
               }
            }
         ]
      },
      {
         "Customer":"GECX",
         "customerId":1258,
         "Lov":[
            {
               "Id":25427,
               "Value":"GECX~ReportedGassing~Reported gassing (ALL)",
               "IsDefect":false,
               "SortSequence":10,
               "lookupType":"ALL",
               "lookupTypeId":"ALL",
               "Description":{
                  "es-MX":"Reporte de gases",
                  "fr-FR":null,
                  "en-US":"Reported gassing (ALL)"
               }
            },
            {
               "Id":25428,
               "Value":"GECX~Frozen~Frozen (ALL)",
               "IsDefect":false,
               "SortSequence":20,
               "lookupType":"ALL",
               "lookupTypeId":"ALL",
               "Description":{
                  "es-MX":"Congeladas",
                  "fr-FR":null,
                  "en-US":"Frozen (ALL)"
               }
            },
            {
               "Id":25429,
               "Value":"GECX~PhysicalDamage~Physical damage (ALL)",
               "IsDefect":false,
               "SortSequence":30,
               "lookupType":"ALL",
               "lookupTypeId":"ALL",
               "Description":{
                  "es-MX":"Da?o f?sico",
                  "fr-FR":null,
                  "en-US":"Physical damage (ALL)"
               }
            },
            {
               "Id":25430,
               "Value":"GECX~NoneOfTheAbove~None of the above (ALL)",
               "IsDefect":false,
               "SortSequence":40,
               "lookupType":"ALL",
               "lookupTypeId":"ALL",
               "Description":{
                  "es-MX":"Ninguna de las mencionadas",
                  "fr-FR":null,
                  "en-US":"None of the above (ALL)"
               }
            }
         ]
      },
      {
         "Customer":"KCS",
         "customerId":5510,
         "Lov":[
            {
               "Id":25431,
               "Value":"KCS~ReportedGassing~Reported gassing (ALL)",
               "IsDefect":false,
               "SortSequence":10,
               "lookupType":"ALL",
               "lookupTypeId":"ALL",
               "Description":{
                  "es-MX":"Reporte de gases",
                  "fr-FR":null,
                  "en-US":"Reported gassing (ALL)"
               }
            },
            {
               "Id":25432,
               "Value":"KCS~Frozen~Frozen (ALL)",
               "IsDefect":false,
               "SortSequence":20,
               "lookupType":"ALL",
               "lookupTypeId":"ALL",
               "Description":{
                  "es-MX":"Congeladas",
                  "fr-FR":null,
                  "en-US":"Frozen (ALL)"
               }
            },
            {
               "Id":25433,
               "Value":"KCS~PhysicalDamage~Physical damage (ALL)",
               "IsDefect":false,
               "SortSequence":30,
               "lookupType":"ALL",
               "lookupTypeId":"ALL",
               "Description":{
                  "es-MX":"Da?o f?sico",
                  "fr-FR":null,
                  "en-US":"Physical damage (ALL)"
               }
            },
            {
               "Id":25434,
               "Value":"KCS~NoneOfTheAbove~None of the above (ALL)",
               "IsDefect":false,
               "SortSequence":40,
               "lookupType":"ALL",
               "lookupTypeId":"ALL",
               "Description":{
                  "es-MX":"Ninguna de las mencionadas",
                  "fr-FR":null,
                  "en-US":"None of the above (ALL)"
               }
            }
         ]
      },
      {
         "Customer":"KCSM",
         "customerId":5425,
         "Lov":[
            {
               "Id":25435,
               "Value":"KCSM~ReportedGassing~Reported gassing (ALL)",
               "IsDefect":false,
               "SortSequence":10,
               "lookupType":"ALL",
               "lookupTypeId":"ALL",
               "Description":{
                  "es-MX":"Reporte de gases",
                  "fr-FR":null,
                  "en-US":"Reported gassing (ALL)"
               }
            },
            {
               "Id":25436,
               "Value":"KCSM~Frozen~Frozen (ALL)",
               "IsDefect":false,
               "SortSequence":20,
               "lookupType":"ALL",
               "lookupTypeId":"ALL",
               "Description":{
                  "es-MX":"Congeladas",
                  "fr-FR":null,
                  "en-US":"Frozen (ALL)"
               }
            },
            {
               "Id":25437,
               "Value":"KCSM~PhysicalDamage~Physical damage (ALL)",
               "IsDefect":false,
               "SortSequence":30,
               "lookupType":"ALL",
               "lookupTypeId":"ALL",
               "Description":{
                  "es-MX":"Da?o f?sico",
                  "fr-FR":null,
                  "en-US":"Physical damage (ALL)"
               }
            },
            {
               "Id":25438,
               "Value":"KCSM~NoneOfTheAbove~None of the above (ALL)",
               "IsDefect":false,
               "SortSequence":40,
               "lookupType":"ALL",
               "lookupTypeId":"ALL",
               "Description":{
                  "es-MX":"Ninguna de las mencionadas",
                  "fr-FR":null,
                  "en-US":"None of the above (ALL)"
               }
            }
         ]
      },
      {
         "Customer":"KTZ",
         "customerId":1058,
         "Lov":[
            {
               "Id":25439,
               "Value":"KTZ~ReportedGassing~Reported gassing (ALL)",
               "IsDefect":false,
               "SortSequence":10,
               "lookupType":"ALL",
               "lookupTypeId":"ALL",
               "Description":{
                  "es-MX":null,
                  "fr-FR":null,
                  "en-US":"Reported gassing (ALL)"
               }
            },
            {
               "Id":25440,
               "Value":"KTZ~Frozen~Frozen (ALL)",
               "IsDefect":false,
               "SortSequence":20,
               "lookupType":"ALL",
               "lookupTypeId":"ALL",
               "Description":{
                  "es-MX":null,
                  "fr-FR":null,
                  "en-US":"Frozen (ALL)"
               }
            },
            {
               "Id":25441,
               "Value":"KTZ~Physicaldamage~Physical damage (ALL)",
               "IsDefect":false,
               "SortSequence":30,
               "lookupType":"ALL",
               "lookupTypeId":"ALL",
               "Description":{
                  "es-MX":null,
                  "fr-FR":null,
                  "en-US":"Physical damage (ALL)"
               }
            },
            {
               "Id":25442,
               "Value":"KTZ~NoneOfTheAbove~None of the above (ALL)",
               "IsDefect":false,
               "SortSequence":40,
               "lookupType":"ALL",
               "lookupTypeId":"ALL",
               "Description":{
                  "es-MX":null,
                  "fr-FR":null,
                  "en-US":"None of the above (ALL)"
               }
            }
         ]
      },
      {
         "Customer":"QTR",
         "customerId":9350,
         "Lov":[
            {
               "Id":25443,
               "Value":"QTR~ReportedGassing~Reported gassing (ALL)",
               "IsDefect":false,
               "SortSequence":10,
               "lookupType":"ALL",
               "lookupTypeId":"ALL",
               "Description":{
                  "es-MX":null,
                  "fr-FR":null,
                  "en-US":"Reported gassing (ALL)"
               }
            },
            {
               "Id":25444,
               "Value":"QTR~Frozen~Frozen (ALL)",
               "IsDefect":false,
               "SortSequence":20,
               "lookupType":"ALL",
               "lookupTypeId":"ALL",
               "Description":{
                  "es-MX":null,
                  "fr-FR":null,
                  "en-US":"Frozen (ALL)"
               }
            },
            {
               "Id":25445,
               "Value":"QTR~Physicaldamage~Physical damage (ALL)",
               "IsDefect":false,
               "SortSequence":30,
               "lookupType":"ALL",
               "lookupTypeId":"ALL",
               "Description":{
                  "es-MX":null,
                  "fr-FR":null,
                  "en-US":"Physical damage (ALL)"
               }
            },
            {
               "Id":25446,
               "Value":"QTR~NoneOfTheAbove~None of the above (ALL)",
               "IsDefect":false,
               "SortSequence":40,
               "lookupType":"ALL",
               "lookupTypeId":"ALL",
               "Description":{
                  "es-MX":null,
                  "fr-FR":null,
                  "en-US":"None of the above (ALL)"
               }
            }
         ]
      },
      {
         "Customer":"UP",
         "customerId":1116,
         "Lov":[
            {
               "Id":25447,
               "Value":"UP~ReportedGassing~Reported gassing (ALL)",
               "IsDefect":false,
               "SortSequence":10,
               "lookupType":"ALL",
               "lookupTypeId":"ALL",
               "Description":{
                  "es-MX":"Reporte de gases",
                  "fr-FR":null,
                  "en-US":"Reported gassing (ALL)"
               }
            },
            {
               "Id":25448,
               "Value":"UP~Frozen~Frozen (ALL)",
               "IsDefect":false,
               "SortSequence":20,
               "lookupType":"ALL",
               "lookupTypeId":"ALL",
               "Description":{
                  "es-MX":"Congeladas",
                  "fr-FR":null,
                  "en-US":"Frozen (ALL)"
               }
            },
            {
               "Id":25449,
               "Value":"UP~PhysicalDamage~Physical damage (ALL)",
               "IsDefect":false,
               "SortSequence":30,
               "lookupType":"ALL",
               "lookupTypeId":"ALL",
               "Description":{
                  "es-MX":"Da?o f?sico",
                  "fr-FR":null,
                  "en-US":"Physical damage (ALL)"
               }
            },
            {
               "Id":25450,
               "Value":"UP~NoneOfTheAbove~None of the above (ALL)",
               "IsDefect":false,
               "SortSequence":40,
               "lookupType":"ALL",
               "lookupTypeId":"ALL",
               "Description":{
                  "es-MX":"Ninguna de las mencionadas",
                  "fr-FR":null,
                  "en-US":"None of the above (ALL)"
               }
            }
         ]
      }
   ],
   "task":{
      "id":205217,
      "name":"TD1107BM1",
      "description":null,
      "elementType":"1",
      "dataType":"null",
      "length":"",
      "position":null,
      "uom":"null",
      "lov":"205217",
      "actionUrl":"null",
      "attachmentType":null,
      "componentId":null,
      "documentation":null,
      "measurementPosition":"null",
      "superceded":null,
      "supercededBy":null,
      "notes":null,
      "action":null,
      "status":"952",
      "active":"Active",
      "disabled_superceded":null,
      "inputFile":null,
      "notesMap":null,
      "craftType":"null",
      "taskTime":null,
      "asset":null,
      "customer":null,
      "docSelectedList":[

      ],
      "assetSelectedList":[

      ],
      "customerSelectedList":[

      ],
      "componentSelectedList":[

      ],
      "qualityPlanURL":null,
      "lovValuesURL":null,
      "descMultiLingual":null,
      "descMap":{
         "FRN":null,
         "BAH":null,
         "RUS":null,
         "CHN":null,
         "SPA":"Advertencia: Si baterias estan produciendo gases siga precauciones en Manual adjunto. Reemplace baterias si produciendo gases/congeladas/dano fisico.",
         "ENG":"Warning: If batteries reported for gassing follow the safety precautions in the Manual link. Replace batteries if gassing, frozen or physical damage.",
         "POR":"Aviso: Se a bateria tiver vasos com fervendo siga os procedimentos de seguranca conforme Manual. Substitua a bateria com vasos fervendo, ou com qualquer outro dano fisico."
      },
      "descTransMap":{
         "FRN":"",
         "BAH":"",
         "RUS":"",
         "CHN":"",
         "SPA":"",
         "ENG":"",
         "POR":""
      },
      "attachmentNames":null,
      "attachments":null,
      "isStatusChanged":"false"
   },
   "taskData":{
      "name":"TD1107BM1",
      "descriptions":[
         {
            "label":"SPA",
            "value":"Advertencia: Si baterias estan produciendo gases siga precauciones en Manual adjunto. Reemplace baterias si produciendo gases/congeladas/dano fisico."
         },
         {
            "label":"POR",
            "value":"Aviso: Se a bateria tiver vasos com fervendo siga os procedimentos de seguranca conforme Manual. Substitua a bateria com vasos fervendo, ou com qualquer outro dano fisico."
         },
         {
            "label":"FRN",
            "value":null
         },
         {
            "label":"CHN",
            "value":null
         },
         {
            "label":"RUS",
            "value":null
         },
         {
            "label":"BAH",
            "value":null
         },
         {
            "label":"ENG",
            "value":"Warning: If batteries reported for gassing follow the safety precautions in the Manual link. Replace batteries if gassing, frozen or physical damage."
         }
      ],
      "taskType":"LOV",
      "id":"205217",
      "notes":[

      ],
      "languages":[
         "Spanish",
         "Portuguese",
         "French",
         "Chinese",
         "Russian",
         "English"
      ],
      "attachments":[
         {
            "id":1286,
            "name":"Gassing.pdf",
            "size":null,
            "contentType":null,
            "content":null,
            "status":null,
            "language":[

            ],
            "localeCode":[

            ],
            "refType":10000001
         }
      ],
      "attachmentNames":[
         "Gassing.pdf"
      ],
      "status":"Active",
      "supercedes":"",
      "documentation":[

      ],
      "customers":null,
      "componentCode":[

      ],
      "actionUrl":null,
      "taskTime":"",
      "length":"",
      "decimal":"",
      "unitOfMeasurement":null,
      "supercededBy":"",
      "craftType":null,
      "dataType":null,
      "measurementPosition":null,
      "smartBlock":"",
      "assetType":"",
      "assetTaskType":[

      ],
      "customerTaskType":[

      ],
      "updatedTime":null,
      "lovEntries":[
         "TD1107BM1"
      ]
   }
}