[
    {
        "wheelAdmin": [{"nameval":"Ethel Price"},{"nameval": "Claudine Neal"}],
        "lowerLimit": "female",
        "upperLimit": "Johnson, Johnson and Partners, LLC CMP DDC",
        "age": 22
    },
    {
        "wheelAdmin": [{"nameval":"Ethel Price"},{"nameval": "Claudine Neal"}],
        "lowerLimit": "female",
        "upperLimit": "Sealoud",
        "age": 55
    },
    {
        "wheelAdmin": [{"nameval":"Ethel Price"},{"nameval": "Claudine Neal"}],
        "lowerLimit": "female",
        "upperLimit": "Velity",
        "age": 67
    },
    {
        "wheelAdmin": [{"nameval":"Ethel Price"},{"nameval": "Claudine Neal"}],
        "lowerLimit": "male",
        "upperLimit": "Geekko"
    },
    {
        "wheelAdmin": [{"nameval":"Ethel Price"},{"nameval": "Claudine Neal"}],
        "lowerLimit": "female",
        "upperLimit": "Suretech"
    }
]
