{
  "customers": [
    {
      "id": 1,
      "firstName": "Ross",
      "lastName": "Geller",
      "address": "West Street",
      "gender": "female"
    },
    {
      "id": 2,
      "firstName": "Monica",
      "lastName": "Geller",
      "address": "Street",
      "gender": "female"
    },
    {
      "id": 3,
      "firstName": "Joe",
      "lastName": "Geller",
      "address": "West Street",
      "gender": "male"
    },
    {
      "id": 4,
      "firstName": "Yallaling",
      "lastName": "Geller",
      "address": "West",
      "gender": "male"
    },
    {
      "id": 5,
      "firstName": "Mishra",
      "lastName": "Geller",
      "address": "West Street",
      "gender": "female"
    }
  ],
  "orders": []
}