<?xml version='1.0' encoding='UTF-8'?>
<calipriexport version="3.0" lastmodified="180827184147" name="GELoco">
      <rating>3</rating>
      <meta>
        <p name="computername" value="C420460345"/><p name="sensor" value="0460345"/>
      </meta>
      <properties>
        <property id="Name" labelText="Name" type="string" value="Sachin Verma"/><property id="SSO" labelText="SSO" type="string" value="212714460"/><property id="Mileage" labelText="Mileage" type="string" value=""/><property id="LOCOID" labelText="Loco ID" type="string" value="49004"/><property id="AAR" labelText="AAR Road" type="string" value="IR"/>
      </properties>
      <structureLevels>
        <structureLevel structureLevel="1" id="Side" labelText="Side" type="enumeration"/><structureLevel structureLevel="2" id="AB" labelText="Face" type="enumeration"/>
      </structureLevels>
      <objects>
        <object name="Axis1">
            <properties>
        <property id="Axi" labelText="Axis" type="number" value="1"/><property id="ANr" labelText="Axle Number" type="string" value=""/>
      </properties>
            <points>
        <point structureLevel="1" name="Wheelprofile-1L" methodId="WheelProfile">
            <properties>
        <property id="Side" labelText="Side" type="enumeration" value="Left" structureLevel="1"/><property id="d" labelText="defect" type="enumeration" value="no"/>
      </properties>
            <measured>true</measured>
            <sensortemperature>inv.</sensortemperature>
            <timeofmeasurement timezone="UTC" lextype="CCYY-MM-DDThh:mm:ss(+|-)hh:mm">2019-04-04T11:49:53+05:30</timeofmeasurement>
          <dimensions>
        <dimension id="Wheel_Fh" name="FH" value="28.91" unit="mm" nominalValue="0.00" classification="good" manualInput="false">
              
            </dimension><dimension id="Wheel_Fw" name="FT" value="31.56" unit="mm" nominalValue="0.00" classification="good" manualInput="false">
              
            </dimension><dimension id="Wheel_Fw2" name="RT" value="36.88" unit="mm" nominalValue="0.00" classification="good" manualInput="false">
              
            </dimension><dimension id="Wheel_Delta1" name="Fw" value="0.44" unit="mm" nominalValue="0.00" classification="UNCLASSIFIED" manualInput="false">
              
            </dimension><dimension id="Wheel_Delta2" name="Rw" value="0.37" unit="mm" nominalValue="0.00" classification="UNCLASSIFIED" manualInput="false">
              
            </dimension><dimension id="Wheel_HT" name="Tw" value="0.00" unit="mm" nominalValue="0.00" classification="UNCLASSIFIED" manualInput="false">
              
            </dimension><dimension id="Wheel_W" name="WW" value="133.53" unit="mm" nominalValue="0.00" classification="UNCLASSIFIED" manualInput="false">
              
            </dimension>
      </dimensions>
          
          
          </point><point structureLevel="1" name="Wheelprofile-1R" methodId="WheelProfile">
            <properties>
        <property id="Side" labelText="Side" type="enumeration" value="Right" structureLevel="1"/><property id="d" labelText="defect" type="enumeration" value="no"/>
      </properties>
            <measured>true</measured>
            <sensortemperature>inv.</sensortemperature>
            <timeofmeasurement timezone="UTC" lextype="CCYY-MM-DDThh:mm:ss(+|-)hh:mm">2019-04-04T12:03:19+05:30</timeofmeasurement>
          <dimensions>
        <dimension id="Wheel_Fh" name="FH" value="29.03" unit="mm" nominalValue="0.00" classification="good" manualInput="false">
              
            </dimension><dimension id="Wheel_Fw" name="FT" value="31.47" unit="mm" nominalValue="0.00" classification="good" manualInput="false">
              
            </dimension><dimension id="Wheel_Fw2" name="RT" value="36.76" unit="mm" nominalValue="0.00" classification="good" manualInput="false">
              
            </dimension><dimension id="Wheel_Delta1" name="Fw" value="0.53" unit="mm" nominalValue="0.00" classification="UNCLASSIFIED" manualInput="false">
              
            </dimension><dimension id="Wheel_Delta2" name="Rw" value="0.49" unit="mm" nominalValue="0.00" classification="UNCLASSIFIED" manualInput="false">
              
            </dimension><dimension id="Wheel_HT" name="Tw" value="0.00" unit="mm" nominalValue="0.00" classification="UNCLASSIFIED" manualInput="false">
              
            </dimension><dimension id="Wheel_W" name="WW" value="133.07" unit="mm" nominalValue="0.00" classification="UNCLASSIFIED" manualInput="false">
              
            </dimension>
      </dimensions>
          
          
          </point><point structureLevel="1" name="Diam-1L" methodId="FlangeDiameter">
            <properties>
        <property id="Side" labelText="Side" type="enumeration" value="Left" structureLevel="1"/>
      </properties>
            <measured>true</measured>
            <sensortemperature>inv.</sensortemperature>
            <timeofmeasurement timezone="UTC" lextype="CCYY-MM-DDThh:mm:ss(+|-)hh:mm">2019-04-04T11:49:53+05:30</timeofmeasurement>
          <dimensions>
        <dimension id="Diam_Drc" name="Drc" value="1094.13" unit="mm" nominalValue="0.00" classification="REJECTED" manualInput="false">
              
            </dimension>
      </dimensions>
          
          
          </point><point structureLevel="1" name="Diam-1R" methodId="FlangeDiameter">
            <properties>
        <property id="Side" labelText="Side" type="enumeration" value="Right" structureLevel="1"/>
      </properties>
            <measured>true</measured>
            <sensortemperature>inv.</sensortemperature>
            <timeofmeasurement timezone="UTC" lextype="CCYY-MM-DDThh:mm:ss(+|-)hh:mm">2019-04-04T12:10:24+05:30</timeofmeasurement>
          <dimensions>
        <dimension id="Diam_Drc" name="Drc" value="1093.67" unit="mm" nominalValue="0.00" classification="REJECTED" manualInput="false">
              
            </dimension>
      </dimensions>
          
          
          </point><point structureLevel="0" name="WheelClearance-1" methodId="WheelClearance">
            <properties>
        
      </properties>
            <measured>true</measured>
            <sensortemperature>inv.</sensortemperature>
            <timeofmeasurement timezone="UTC" lextype="CCYY-MM-DDThh:mm:ss(+|-)hh:mm">2019-04-04T12:08:59+05:30</timeofmeasurement>
          <dimensions>
        <dimension id="WClear_I" name="I" value="1595.87" unit="mm" nominalValue="0.00" classification="UNCLASSIFIED" manualInput="false">
              
            </dimension>
      </dimensions>
          
          
          </point><point structureLevel="0" name="DDif_1" methodId="Calculate_DDiff_Axle">
            <properties>
        
      </properties>
            <measured>true</measured>
            <sensortemperature>inv.</sensortemperature>
            <timeofmeasurement timezone="UTC" lextype="CCYY-MM-DDThh:mm:ss(+|-)hh:mm">2019-04-04T12:10:25+05:30</timeofmeasurement>
          <dimensions>
        <dimension id="Diam_DDA1" name="DDA1" value="0.46" unit="mm" nominalValue="0.00" classification="REJECTED" manualInput="false">
              
            </dimension>
      </dimensions>
          
          
          </point>
      </points>
          </object><object name="Axis2">
            <properties>
        <property id="Axi" labelText="Axis" type="number" value="1"/><property id="ANr" labelText="Axle Number" type="string" value=""/>
      </properties>
            <points>
        <point structureLevel="1" name="Wheelprofile-2L" methodId="WheelProfile">
            <properties>
        <property id="Side" labelText="Side" type="enumeration" value="Left" structureLevel="1"/><property id="d" labelText="defect" type="enumeration" value="no"/>
      </properties>
            <measured>true</measured>
            <sensortemperature>inv.</sensortemperature>
            <timeofmeasurement timezone="UTC" lextype="CCYY-MM-DDThh:mm:ss(+|-)hh:mm">2019-04-04T12:11:17+05:30</timeofmeasurement>
          <dimensions>
        <dimension id="Wheel_Fh" name="FH" value="28.89" unit="mm" nominalValue="0.00" classification="good" manualInput="false">
              
            </dimension><dimension id="Wheel_Fw" name="FT" value="31.57" unit="mm" nominalValue="0.00" classification="good" manualInput="false">
              
            </dimension><dimension id="Wheel_Fw2" name="RT" value="36.86" unit="mm" nominalValue="0.00" classification="good" manualInput="false">
              
            </dimension><dimension id="Wheel_Delta1" name="Fw" value="0.43" unit="mm" nominalValue="0.00" classification="UNCLASSIFIED" manualInput="false">
              
            </dimension><dimension id="Wheel_Delta2" name="Rw" value="0.39" unit="mm" nominalValue="0.00" classification="UNCLASSIFIED" manualInput="false">
              
            </dimension><dimension id="Wheel_HT" name="Tw" value="0.00" unit="mm" nominalValue="0.00" classification="UNCLASSIFIED" manualInput="false">
              
            </dimension><dimension id="Wheel_W" name="WW" value="133.35" unit="mm" nominalValue="0.00" classification="UNCLASSIFIED" manualInput="false">
              
            </dimension>
      </dimensions>
          
          
          </point><point structureLevel="1" name="Wheelprofile-2R" methodId="WheelProfile">
            <properties>
        <property id="Side" labelText="Side" type="enumeration" value="Right" structureLevel="1"/><property id="d" labelText="defect" type="enumeration" value="no"/>
      </properties>
            <measured>true</measured>
            <sensortemperature>inv.</sensortemperature>
            <timeofmeasurement timezone="UTC" lextype="CCYY-MM-DDThh:mm:ss(+|-)hh:mm">2019-04-04T12:11:58+05:30</timeofmeasurement>
          <dimensions>
        <dimension id="Wheel_Fh" name="FH" value="28.99" unit="mm" nominalValue="0.00" classification="good" manualInput="false">
              
            </dimension><dimension id="Wheel_Fw" name="FT" value="31.54" unit="mm" nominalValue="0.00" classification="good" manualInput="false">
              
            </dimension><dimension id="Wheel_Fw2" name="RT" value="36.82" unit="mm" nominalValue="0.00" classification="good" manualInput="false">
              
            </dimension><dimension id="Wheel_Delta1" name="Fw" value="0.46" unit="mm" nominalValue="0.00" classification="UNCLASSIFIED" manualInput="false">
              
            </dimension><dimension id="Wheel_Delta2" name="Rw" value="0.43" unit="mm" nominalValue="0.00" classification="UNCLASSIFIED" manualInput="false">
              
            </dimension><dimension id="Wheel_HT" name="Tw" value="0.00" unit="mm" nominalValue="0.00" classification="UNCLASSIFIED" manualInput="false">
              
            </dimension><dimension id="Wheel_W" name="WW" value="133.37" unit="mm" nominalValue="0.00" classification="UNCLASSIFIED" manualInput="false">
              
            </dimension>
      </dimensions>
          
          
          </point><point structureLevel="1" name="Diam-2L" methodId="FlangeDiameter">
            <properties>
        <property id="Side" labelText="Side" type="enumeration" value="Left" structureLevel="1"/>
      </properties>
            <measured>true</measured>
            <sensortemperature>inv.</sensortemperature>
            <timeofmeasurement timezone="UTC" lextype="CCYY-MM-DDThh:mm:ss(+|-)hh:mm">2019-04-04T12:18:02+05:30</timeofmeasurement>
          <dimensions>
        <dimension id="Diam_Drc" name="Drc" value="1093.91" unit="mm" nominalValue="0.00" classification="REJECTED" manualInput="false">
              
            </dimension>
      </dimensions>
          
          
          </point><point structureLevel="1" name="Diam-2R" methodId="FlangeDiameter">
            <properties>
        <property id="Side" labelText="Side" type="enumeration" value="Right" structureLevel="1"/>
      </properties>
            <measured>true</measured>
            <sensortemperature>inv.</sensortemperature>
            <timeofmeasurement timezone="UTC" lextype="CCYY-MM-DDThh:mm:ss(+|-)hh:mm">2019-04-04T12:20:22+05:30</timeofmeasurement>
          <dimensions>
        <dimension id="Diam_Drc" name="Drc" value="1094.16" unit="mm" nominalValue="0.00" classification="REJECTED" manualInput="false">
              
            </dimension>
      </dimensions>
          
          
          </point><point structureLevel="0" name="WheelClearance-2" methodId="WheelClearance">
            <properties>
        
      </properties>
            <measured>true</measured>
            <sensortemperature>inv.</sensortemperature>
            <timeofmeasurement timezone="UTC" lextype="CCYY-MM-DDThh:mm:ss(+|-)hh:mm">2019-04-04T12:19:01+05:30</timeofmeasurement>
          <dimensions>
        <dimension id="WClear_I" name="I" value="1595.37" unit="mm" nominalValue="0.00" classification="UNCLASSIFIED" manualInput="false">
              
            </dimension>
      </dimensions>
          
          
          </point><point structureLevel="0" name="DDif_2" methodId="Calculate_DDiff_Axle">
            <properties>
        
      </properties>
            <measured>true</measured>
            <sensortemperature>inv.</sensortemperature>
            <timeofmeasurement timezone="UTC" lextype="CCYY-MM-DDThh:mm:ss(+|-)hh:mm">2019-04-04T12:20:22+05:30</timeofmeasurement>
          <dimensions>
        <dimension id="Diam_DDA1" name="DDA1" value="0.25" unit="mm" nominalValue="0.00" classification="REJECTED" manualInput="false">
              
            </dimension>
      </dimensions>
          
          
          </point>
      </points>
          </object><object name="Axis3">
            <properties>
        <property id="Axi" labelText="Axis" type="number" value="1"/><property id="ANr" labelText="Axle Number" type="string" value=""/>
      </properties>
            <points>
        <point structureLevel="1" name="Wheelprofile-3L" methodId="WheelProfile">
            <properties>
        <property id="Side" labelText="Side" type="enumeration" value="Left" structureLevel="1"/><property id="d" labelText="defect" type="enumeration" value="no"/>
      </properties>
            <measured>true</measured>
            <sensortemperature>inv.</sensortemperature>
            <timeofmeasurement timezone="UTC" lextype="CCYY-MM-DDThh:mm:ss(+|-)hh:mm">2019-04-04T12:21:18+05:30</timeofmeasurement>
          <dimensions>
        <dimension id="Wheel_Fh" name="FH" value="28.93" unit="mm" nominalValue="0.00" classification="good" manualInput="false">
              
            </dimension><dimension id="Wheel_Fw" name="FT" value="31.61" unit="mm" nominalValue="0.00" classification="good" manualInput="false">
              
            </dimension><dimension id="Wheel_Fw2" name="RT" value="36.93" unit="mm" nominalValue="0.00" classification="good" manualInput="false">
              
            </dimension><dimension id="Wheel_Delta1" name="Fw" value="0.39" unit="mm" nominalValue="0.00" classification="UNCLASSIFIED" manualInput="false">
              
            </dimension><dimension id="Wheel_Delta2" name="Rw" value="0.32" unit="mm" nominalValue="0.00" classification="UNCLASSIFIED" manualInput="false">
              
            </dimension><dimension id="Wheel_HT" name="Tw" value="0.00" unit="mm" nominalValue="0.00" classification="UNCLASSIFIED" manualInput="false">
              
            </dimension><dimension id="Wheel_W" name="WW" value="133.61" unit="mm" nominalValue="0.00" classification="UNCLASSIFIED" manualInput="false">
              
            </dimension>
      </dimensions>
          
          
          </point><point structureLevel="1" name="Wheelprofile-3R" methodId="WheelProfile">
            <properties>
        <property id="Side" labelText="Side" type="enumeration" value="Right" structureLevel="1"/><property id="d" labelText="defect" type="enumeration" value="no"/>
      </properties>
            <measured>true</measured>
            <sensortemperature>inv.</sensortemperature>
            <timeofmeasurement timezone="UTC" lextype="CCYY-MM-DDThh:mm:ss(+|-)hh:mm">2019-04-04T12:21:54+05:30</timeofmeasurement>
          <dimensions>
        <dimension id="Wheel_Fh" name="FH" value="29.03" unit="mm" nominalValue="0.00" classification="good" manualInput="false">
              
            </dimension><dimension id="Wheel_Fw" name="FT" value="31.56" unit="mm" nominalValue="0.00" classification="good" manualInput="false">
              
            </dimension><dimension id="Wheel_Fw2" name="RT" value="36.44" unit="mm" nominalValue="0.00" classification="good" manualInput="false">
              
            </dimension><dimension id="Wheel_Delta1" name="Fw" value="0.44" unit="mm" nominalValue="0.00" classification="UNCLASSIFIED" manualInput="false">
              
            </dimension><dimension id="Wheel_Delta2" name="Rw" value="0.81" unit="mm" nominalValue="0.00" classification="UNCLASSIFIED" manualInput="false">
              
            </dimension><dimension id="Wheel_HT" name="Tw" value="0.00" unit="mm" nominalValue="0.00" classification="UNCLASSIFIED" manualInput="false">
              
            </dimension><dimension id="Wheel_W" name="WW" value="133.12" unit="mm" nominalValue="0.00" classification="UNCLASSIFIED" manualInput="false">
              
            </dimension>
      </dimensions>
          
          
          </point><point structureLevel="1" name="Diam-3L" methodId="FlangeDiameter">
            <properties>
        <property id="Side" labelText="Side" type="enumeration" value="Left" structureLevel="1"/>
      </properties>
            <measured>true</measured>
            <sensortemperature>inv.</sensortemperature>
            <timeofmeasurement timezone="UTC" lextype="CCYY-MM-DDThh:mm:ss(+|-)hh:mm">2019-04-04T12:24:32+05:30</timeofmeasurement>
          <dimensions>
        <dimension id="Diam_Drc" name="Drc" value="1094.46" unit="mm" nominalValue="0.00" classification="REJECTED" manualInput="false">
              
            </dimension>
      </dimensions>
          
          
          </point><point structureLevel="1" name="Diam-3R" methodId="FlangeDiameter">
            <properties>
        <property id="Side" labelText="Side" type="enumeration" value="Right" structureLevel="1"/>
      </properties>
            <measured>true</measured>
            <sensortemperature>inv.</sensortemperature>
            <timeofmeasurement timezone="UTC" lextype="CCYY-MM-DDThh:mm:ss(+|-)hh:mm">2019-04-04T12:25:46+05:30</timeofmeasurement>
          <dimensions>
        <dimension id="Diam_Drc" name="Drc" value="1093.78" unit="mm" nominalValue="0.00" classification="REJECTED" manualInput="false">
              
            </dimension>
      </dimensions>
          
          
          </point><point structureLevel="0" name="WheelClearance-3" methodId="WheelClearance">
            <properties>
        
      </properties>
            <measured>true</measured>
            <sensortemperature>inv.</sensortemperature>
            <timeofmeasurement timezone="UTC" lextype="CCYY-MM-DDThh:mm:ss(+|-)hh:mm">2019-04-04T12:25:11+05:30</timeofmeasurement>
          <dimensions>
        <dimension id="WClear_I" name="I" value="1596.97" unit="mm" nominalValue="0.00" classification="UNCLASSIFIED" manualInput="false">
              
            </dimension>
      </dimensions>
          
          
          </point><point structureLevel="0" name="DDif_3" methodId="Calculate_DDiff_Axle">
            <properties>
        
      </properties>
            <measured>true</measured>
            <sensortemperature>inv.</sensortemperature>
            <timeofmeasurement timezone="UTC" lextype="CCYY-MM-DDThh:mm:ss(+|-)hh:mm">2019-04-04T12:25:46+05:30</timeofmeasurement>
          <dimensions>
        <dimension id="Diam_DDA1" name="DDA1" value="0.69" unit="mm" nominalValue="0.00" classification="REJECTED" manualInput="false">
              
            </dimension>
      </dimensions>
          
          
          </point>
      </points>
          </object><object name="Axis4">
            <properties>
        <property id="Axi" labelText="Axis" type="number" value="1"/><property id="ANr" labelText="Axle Number" type="string" value=""/>
      </properties>
            <points>
        <point structureLevel="1" name="Wheelprofile-4L" methodId="WheelProfile">
            <properties>
        <property id="Side" labelText="Side" type="enumeration" value="Left" structureLevel="1"/><property id="d" labelText="defect" type="enumeration" value="no"/>
      </properties>
            <measured>true</measured>
            <sensortemperature>inv.</sensortemperature>
            <timeofmeasurement timezone="UTC" lextype="CCYY-MM-DDThh:mm:ss(+|-)hh:mm">2019-04-04T12:27:19+05:30</timeofmeasurement>
          <dimensions>
        <dimension id="Wheel_Fh" name="FH" value="29.04" unit="mm" nominalValue="0.00" classification="good" manualInput="false">
              
            </dimension><dimension id="Wheel_Fw" name="FT" value="31.62" unit="mm" nominalValue="0.00" classification="good" manualInput="false">
              
            </dimension><dimension id="Wheel_Fw2" name="RT" value="36.85" unit="mm" nominalValue="0.00" classification="good" manualInput="false">
              
            </dimension><dimension id="Wheel_Delta1" name="Fw" value="0.38" unit="mm" nominalValue="0.00" classification="UNCLASSIFIED" manualInput="false">
              
            </dimension><dimension id="Wheel_Delta2" name="Rw" value="0.40" unit="mm" nominalValue="0.00" classification="UNCLASSIFIED" manualInput="false">
              
            </dimension><dimension id="Wheel_HT" name="Tw" value="0.00" unit="mm" nominalValue="0.00" classification="UNCLASSIFIED" manualInput="false">
              
            </dimension><dimension id="Wheel_W" name="WW" value="133.46" unit="mm" nominalValue="0.00" classification="UNCLASSIFIED" manualInput="false">
              
            </dimension>
      </dimensions>
          
          
          </point><point structureLevel="1" name="Wheelprofile-4R" methodId="WheelProfile">
            <properties>
        <property id="Side" labelText="Side" type="enumeration" value="Right" structureLevel="1"/><property id="d" labelText="defect" type="enumeration" value="no"/>
      </properties>
            <measured>true</measured>
            <sensortemperature>inv.</sensortemperature>
            <timeofmeasurement timezone="UTC" lextype="CCYY-MM-DDThh:mm:ss(+|-)hh:mm">2019-04-04T12:30:31+05:30</timeofmeasurement>
          <dimensions>
        <dimension id="Wheel_Fh" name="FH" value="28.97" unit="mm" nominalValue="0.00" classification="good" manualInput="false">
              
            </dimension><dimension id="Wheel_Fw" name="FT" value="31.54" unit="mm" nominalValue="0.00" classification="good" manualInput="false">
              
            </dimension><dimension id="Wheel_Fw2" name="RT" value="36.95" unit="mm" nominalValue="0.00" classification="good" manualInput="false">
              
            </dimension><dimension id="Wheel_Delta1" name="Fw" value="0.46" unit="mm" nominalValue="0.00" classification="UNCLASSIFIED" manualInput="false">
              
            </dimension><dimension id="Wheel_Delta2" name="Rw" value="0.30" unit="mm" nominalValue="0.00" classification="UNCLASSIFIED" manualInput="false">
              
            </dimension><dimension id="Wheel_HT" name="Tw" value="0.00" unit="mm" nominalValue="0.00" classification="UNCLASSIFIED" manualInput="false">
              
            </dimension><dimension id="Wheel_W" name="WW" value="133.64" unit="mm" nominalValue="0.00" classification="UNCLASSIFIED" manualInput="false">
              
            </dimension>
      </dimensions>
          
          
          </point><point structureLevel="1" name="Diam-4L" methodId="FlangeDiameter">
            <properties>
        <property id="Side" labelText="Side" type="enumeration" value="Left" structureLevel="1"/>
      </properties>
            <measured>true</measured>
            <sensortemperature>inv.</sensortemperature>
            <timeofmeasurement timezone="UTC" lextype="CCYY-MM-DDThh:mm:ss(+|-)hh:mm">2019-04-04T12:32:51+05:30</timeofmeasurement>
          <dimensions>
        <dimension id="Diam_Drc" name="Drc" value="1093.89" unit="mm" nominalValue="0.00" classification="REJECTED" manualInput="false">
              
            </dimension>
      </dimensions>
          
          
          </point><point structureLevel="1" name="Diam-4R" methodId="FlangeDiameter">
            <properties>
        <property id="Side" labelText="Side" type="enumeration" value="Right" structureLevel="1"/>
      </properties>
            <measured>true</measured>
            <sensortemperature>inv.</sensortemperature>
            <timeofmeasurement timezone="UTC" lextype="CCYY-MM-DDThh:mm:ss(+|-)hh:mm">2019-04-04T12:36:51+05:30</timeofmeasurement>
          <dimensions>
        <dimension id="Diam_Drc" name="Drc" value="1094.33" unit="mm" nominalValue="0.00" classification="REJECTED" manualInput="false">
              
            </dimension>
      </dimensions>
          
          
          </point><point structureLevel="0" name="WheelClearance-4" methodId="WheelClearance">
            <properties>
        
      </properties>
            <measured>true</measured>
            <sensortemperature>inv.</sensortemperature>
            <timeofmeasurement timezone="UTC" lextype="CCYY-MM-DDThh:mm:ss(+|-)hh:mm">2019-04-04T12:33:36+05:30</timeofmeasurement>
          <dimensions>
        <dimension id="WClear_I" name="I" value="1596.89" unit="mm" nominalValue="0.00" classification="UNCLASSIFIED" manualInput="false">
              
            </dimension>
      </dimensions>
          
          
          </point><point structureLevel="0" name="DDif_4" methodId="Calculate_DDiff_Axle">
            <properties>
        
      </properties>
            <measured>true</measured>
            <sensortemperature>inv.</sensortemperature>
            <timeofmeasurement timezone="UTC" lextype="CCYY-MM-DDThh:mm:ss(+|-)hh:mm">2019-04-04T12:36:51+05:30</timeofmeasurement>
          <dimensions>
        <dimension id="Diam_DDA1" name="DDA1" value="0.44" unit="mm" nominalValue="0.00" classification="REJECTED" manualInput="false">
              
            </dimension>
      </dimensions>
          
          
          </point>
      </points>
          </object><object name="Axis5">
            <properties>
        <property id="Axi" labelText="Axis" type="number" value="1"/><property id="ANr" labelText="Axle Number" type="string" value=""/>
      </properties>
            <points>
        <point structureLevel="1" name="Wheelprofile-5L" methodId="WheelProfile">
            <properties>
        <property id="Side" labelText="Side" type="enumeration" value="Left" structureLevel="1"/><property id="d" labelText="defect" type="enumeration" value="no"/>
      </properties>
            <measured>true</measured>
            <sensortemperature>inv.</sensortemperature>
            <timeofmeasurement timezone="UTC" lextype="CCYY-MM-DDThh:mm:ss(+|-)hh:mm">2019-04-04T12:39:51+05:30</timeofmeasurement>
          <dimensions>
        <dimension id="Wheel_Fh" name="FH" value="28.82" unit="mm" nominalValue="0.00" classification="good" manualInput="false">
              
            </dimension><dimension id="Wheel_Fw" name="FT" value="31.57" unit="mm" nominalValue="0.00" classification="good" manualInput="false">
              
            </dimension><dimension id="Wheel_Fw2" name="RT" value="36.93" unit="mm" nominalValue="0.00" classification="good" manualInput="false">
              
            </dimension><dimension id="Wheel_Delta1" name="Fw" value="0.43" unit="mm" nominalValue="0.00" classification="UNCLASSIFIED" manualInput="false">
              
            </dimension><dimension id="Wheel_Delta2" name="Rw" value="0.32" unit="mm" nominalValue="0.00" classification="UNCLASSIFIED" manualInput="false">
              
            </dimension><dimension id="Wheel_HT" name="Tw" value="0.00" unit="mm" nominalValue="0.00" classification="UNCLASSIFIED" manualInput="false">
              
            </dimension><dimension id="Wheel_W" name="WW" value="133.21" unit="mm" nominalValue="0.00" classification="UNCLASSIFIED" manualInput="false">
              
            </dimension>
      </dimensions>
          
          
          </point><point structureLevel="1" name="Wheelprofile-5R" methodId="WheelProfile">
            <properties>
        <property id="Side" labelText="Side" type="enumeration" value="Right" structureLevel="1"/><property id="d" labelText="defect" type="enumeration" value="no"/>
      </properties>
            <measured>true</measured>
            <sensortemperature>inv.</sensortemperature>
            <timeofmeasurement timezone="UTC" lextype="CCYY-MM-DDThh:mm:ss(+|-)hh:mm">2019-04-04T12:40:27+05:30</timeofmeasurement>
          <dimensions>
        <dimension id="Wheel_Fh" name="FH" value="29.07" unit="mm" nominalValue="0.00" classification="good" manualInput="false">
              
            </dimension><dimension id="Wheel_Fw" name="FT" value="31.60" unit="mm" nominalValue="0.00" classification="good" manualInput="false">
              
            </dimension><dimension id="Wheel_Fw2" name="RT" value="36.74" unit="mm" nominalValue="0.00" classification="good" manualInput="false">
              
            </dimension><dimension id="Wheel_Delta1" name="Fw" value="0.40" unit="mm" nominalValue="0.00" classification="UNCLASSIFIED" manualInput="false">
              
            </dimension><dimension id="Wheel_Delta2" name="Rw" value="0.51" unit="mm" nominalValue="0.00" classification="UNCLASSIFIED" manualInput="false">
              
            </dimension><dimension id="Wheel_HT" name="Tw" value="0.00" unit="mm" nominalValue="0.00" classification="UNCLASSIFIED" manualInput="false">
              
            </dimension><dimension id="Wheel_W" name="WW" value="133.24" unit="mm" nominalValue="0.00" classification="UNCLASSIFIED" manualInput="false">
              
            </dimension>
      </dimensions>
          
          
          </point><point structureLevel="1" name="Diam-5L" methodId="FlangeDiameter">
            <properties>
        <property id="Side" labelText="Side" type="enumeration" value="Left" structureLevel="1"/>
      </properties>
            <measured>true</measured>
            <sensortemperature>inv.</sensortemperature>
            <timeofmeasurement timezone="UTC" lextype="CCYY-MM-DDThh:mm:ss(+|-)hh:mm">2019-04-04T12:48:09+05:30</timeofmeasurement>
          <dimensions>
        <dimension id="Diam_Drc" name="Drc" value="1093.94" unit="mm" nominalValue="0.00" classification="REJECTED" manualInput="false">
              
            </dimension>
      </dimensions>
          
          
          </point><point structureLevel="1" name="Diam-5R" methodId="FlangeDiameter">
            <properties>
        <property id="Side" labelText="Side" type="enumeration" value="Right" structureLevel="1"/>
      </properties>
            <measured>true</measured>
            <sensortemperature>inv.</sensortemperature>
            <timeofmeasurement timezone="UTC" lextype="CCYY-MM-DDThh:mm:ss(+|-)hh:mm">2019-04-04T12:44:01+05:30</timeofmeasurement>
          <dimensions>
        <dimension id="Diam_Drc" name="Drc" value="1093.46" unit="mm" nominalValue="0.00" classification="REJECTED" manualInput="false">
              
            </dimension>
      </dimensions>
          
          
          </point><point structureLevel="0" name="WheelClearance-5" methodId="WheelClearance">
            <properties>
        
      </properties>
            <measured>true</measured>
            <sensortemperature>inv.</sensortemperature>
            <timeofmeasurement timezone="UTC" lextype="CCYY-MM-DDThh:mm:ss(+|-)hh:mm">2019-04-04T12:43:34+05:30</timeofmeasurement>
          <dimensions>
        <dimension id="WClear_I" name="I" value="1595.89" unit="mm" nominalValue="0.00" classification="UNCLASSIFIED" manualInput="false">
              
            </dimension>
      </dimensions>
          
          
          </point><point structureLevel="0" name="DDif_5" methodId="Calculate_DDiff_Axle">
            <properties>
        
      </properties>
            <measured>true</measured>
            <sensortemperature>inv.</sensortemperature>
            <timeofmeasurement timezone="UTC" lextype="CCYY-MM-DDThh:mm:ss(+|-)hh:mm">2019-04-04T12:48:09+05:30</timeofmeasurement>
          <dimensions>
        <dimension id="Diam_DDA1" name="DDA1" value="0.49" unit="mm" nominalValue="0.00" classification="REJECTED" manualInput="false">
              
            </dimension>
      </dimensions>
          
          
          </point>
      </points>
          </object><object name="Axis6">
            <properties>
        <property id="Axi" labelText="Axis" type="number" value="1"/><property id="ANr" labelText="Axle Number" type="string" value=""/>
      </properties>
            <points>
        <point structureLevel="1" name="Wheelprofile-6L" methodId="WheelProfile">
            <properties>
        <property id="Side" labelText="Side" type="enumeration" value="Left" structureLevel="1"/><property id="d" labelText="defect" type="enumeration" value="no"/>
      </properties>
            <measured>true</measured>
            <sensortemperature>inv.</sensortemperature>
            <timeofmeasurement timezone="UTC" lextype="CCYY-MM-DDThh:mm:ss(+|-)hh:mm">2019-04-04T12:50:23+05:30</timeofmeasurement>
          <dimensions>
        <dimension id="Wheel_Fh" name="FH" value="29.01" unit="mm" nominalValue="0.00" classification="good" manualInput="false">
              
            </dimension><dimension id="Wheel_Fw" name="FT" value="31.41" unit="mm" nominalValue="0.00" classification="good" manualInput="false">
              
            </dimension><dimension id="Wheel_Fw2" name="RT" value="36.69" unit="mm" nominalValue="0.00" classification="good" manualInput="false">
              
            </dimension><dimension id="Wheel_Delta1" name="Fw" value="0.59" unit="mm" nominalValue="0.00" classification="UNCLASSIFIED" manualInput="false">
              
            </dimension><dimension id="Wheel_Delta2" name="Rw" value="0.56" unit="mm" nominalValue="0.00" classification="UNCLASSIFIED" manualInput="false">
              
            </dimension><dimension id="Wheel_HT" name="Tw" value="0.00" unit="mm" nominalValue="0.00" classification="UNCLASSIFIED" manualInput="false">
              
            </dimension><dimension id="Wheel_W" name="WW" value="133.34" unit="mm" nominalValue="0.00" classification="UNCLASSIFIED" manualInput="false">
              
            </dimension>
      </dimensions>
          
          
          </point><point structureLevel="1" name="Wheelprofile-6R" methodId="WheelProfile">
            <properties>
        <property id="Side" labelText="Side" type="enumeration" value="Right" structureLevel="1"/><property id="d" labelText="defect" type="enumeration" value="no"/>
      </properties>
            <measured>true</measured>
            <sensortemperature>inv.</sensortemperature>
            <timeofmeasurement timezone="UTC" lextype="CCYY-MM-DDThh:mm:ss(+|-)hh:mm">2019-04-04T12:51:46+05:30</timeofmeasurement>
          <dimensions>
        <dimension id="Wheel_Fh" name="FH" value="29.04" unit="mm" nominalValue="0.00" classification="good" manualInput="false">
              
            </dimension><dimension id="Wheel_Fw" name="FT" value="31.61" unit="mm" nominalValue="0.00" classification="good" manualInput="false">
              
            </dimension><dimension id="Wheel_Fw2" name="RT" value="36.62" unit="mm" nominalValue="0.00" classification="good" manualInput="false">
              
            </dimension><dimension id="Wheel_Delta1" name="Fw" value="0.39" unit="mm" nominalValue="0.00" classification="UNCLASSIFIED" manualInput="false">
              
            </dimension><dimension id="Wheel_Delta2" name="Rw" value="0.63" unit="mm" nominalValue="0.00" classification="UNCLASSIFIED" manualInput="false">
              
            </dimension><dimension id="Wheel_HT" name="Tw" value="0.00" unit="mm" nominalValue="0.00" classification="UNCLASSIFIED" manualInput="false">
              
            </dimension><dimension id="Wheel_W" name="WW" value="133.11" unit="mm" nominalValue="0.00" classification="UNCLASSIFIED" manualInput="false">
              
            </dimension>
      </dimensions>
          
          
          </point><point structureLevel="1" name="Diam-6L" methodId="FlangeDiameter">
            <properties>
        <property id="Side" labelText="Side" type="enumeration" value="Left" structureLevel="1"/>
      </properties>
            <measured>true</measured>
            <sensortemperature>inv.</sensortemperature>
            <timeofmeasurement timezone="UTC" lextype="CCYY-MM-DDThh:mm:ss(+|-)hh:mm">2019-04-04T13:03:32+05:30</timeofmeasurement>
          <dimensions>
        <dimension id="Diam_Drc" name="Drc" value="1093.36" unit="mm" nominalValue="0.00" classification="REJECTED" manualInput="false">
              
            </dimension>
      </dimensions>
          
          
          </point><point structureLevel="1" name="Diam-6R" methodId="FlangeDiameter">
            <properties>
        <property id="Side" labelText="Side" type="enumeration" value="Right" structureLevel="1"/>
      </properties>
            <measured>true</measured>
            <sensortemperature>inv.</sensortemperature>
            <timeofmeasurement timezone="UTC" lextype="CCYY-MM-DDThh:mm:ss(+|-)hh:mm">2019-04-04T12:53:40+05:30</timeofmeasurement>
          <dimensions>
        <dimension id="Diam_Drc" name="Drc" value="1093.98" unit="mm" nominalValue="0.00" classification="REJECTED" manualInput="false">
              
            </dimension>
      </dimensions>
          
          
          </point><point structureLevel="0" name="WheelClearance-6" methodId="WheelClearance">
            <properties>
        
      </properties>
            <measured>true</measured>
            <sensortemperature>inv.</sensortemperature>
            <timeofmeasurement timezone="UTC" lextype="CCYY-MM-DDThh:mm:ss(+|-)hh:mm">2019-04-04T12:51:46+05:30</timeofmeasurement>
          <dimensions>
        <dimension id="WClear_I" name="I" value="1595.31" unit="mm" nominalValue="0.00" classification="UNCLASSIFIED" manualInput="false">
              
            </dimension>
      </dimensions>
          
          
          </point><point structureLevel="0" name="DDif_6" methodId="Calculate_DDiff_Axle">
            <properties>
        
      </properties>
            <measured>true</measured>
            <sensortemperature>inv.</sensortemperature>
            <timeofmeasurement timezone="UTC" lextype="CCYY-MM-DDThh:mm:ss(+|-)hh:mm">2019-04-04T13:03:33+05:30</timeofmeasurement>
          <dimensions>
        <dimension id="Diam_DDA1" name="DDA1" value="0.62" unit="mm" nominalValue="0.00" classification="REJECTED" manualInput="false">
              
            </dimension>
      </dimensions>
          
          
          </point>
      </points>
          </object>
      </objects>
    </calipriexport>